RequestID,Date,Cell,MachineNumber,MachineName,RequestCategory,RequestType,Priority,MachineStatus,ReasonForInspection,MachineIncharge,Stage2FlagRequested,RequestStatus,InspectionID,Stage1StartDate,Stage1EndDate,Stage1Status,Stage1InspectedBy,Stage1Remarks,Stage2Required,Stage2ID,Stage2StartDate,Stage2EndDate,Stage2Status,Stage2InspectedBy,Stage2Remarks,Stage1Duration,Stage2Duration,FinalCloseDate,TotalTurnaroundDays
1,2025-01-26,Testing,TES-01,Nokia,Electrical,Upgrade,High,Idle,Safety guard issue,Kamala Devi,Yes,Completed,1.0,2025-01-26,2025-01-26,Pass,Ravi Kumar,Minor issue fixed,Yes,1.0,2025-01-29,2025-01-31,Pass,Kadar Iyer,Root cause confirmed,0.0,2.0,2025-01-31,5.0
2,2025-10-12,Painting,PAI-05,Ninja,Electrical,Upgrade,High,Working,Scheduled check,Sri Varun,Yes,Completed,2.0,2025-10-14,2025-10-14,Pass,Narsiman Reddy,Needs follow-up,Yes,2.0,2025-10-17,2025-10-18,Pass,Ravi Kumar,Escalated to vendor,0.0,1.0,2025-10-18,6.0
3,2025-05-08,Painting,PAI-05,Motorola,Preventive,Complaint,Medium,Waiting,Safety guard issue,Pellakuru Nithya,No,Rejected,3.0,2025-05-08,2025-05-08,Fail,Akhil Sharma,OK after check,No,,,,,,,0.0,,2025-05-08,0.0
4,2026-01-25,Machining,MAC-01,Ninja,Safety,Scheduled,Low,Working,Scheduled check,Nanda Bala,No,Completed,4.0,2026-01-25,2026-01-27,Pass,Vara Lakshmi,Minor issue fixed,No,,,,,,,2.0,,2026-01-27,2.0
5,2025-10-04,Painting,PAI-04,Doraemon,Preventive,Scheduled,Low,Waiting,Scheduled check,Akiran Suresh,Yes,Rejected,5.0,2025-10-04,2025-10-05,Fail,Sri Priya,Minor issue fixed,Yes,3.0,2025-10-08,2025-10-10,Fail,Narsiman Reddy,Root cause confirmed,1.0,2.0,2025-10-10,6.0
6,2026-02-10,Testing,TES-04,Dories,Electrical,Complaint,Low,Idle,Vibration detected,Sri Varun,No,Rejected,6.0,2026-02-13,2026-02-15,Fail,Vara Lakshmi,Minor issue fixed,Yes,4.0,2026-02-18,2026-02-19,Fail,Sri Priya,Root cause confirmed,2.0,1.0,2026-02-19,9.0
7,2025-06-13,Assembly,ASS-02,Pfauter,Mechanical,Audit Finding,Medium,Working,Safety guard issue,Janani Meena,No,Completed,7.0,2025-06-13,2025-06-15,Pass,Akhil Sharma,Needs follow-up,No,,,,,,,2.0,,2025-06-15,2.0
8,2026-03-22,Assembly,ASS-03,Doraemon,Safety,Calibration,High,Idle,Safety guard issue,Kamala Devi,No,Completed,8.0,2026-03-24,2026-03-26,Pass,Vara Lakshmi,Minor issue fixed,No,,,,,,,2.0,,2026-03-26,4.0
9,2026-07-07,Welding,WEL-02,Motorola,Preventive,Complaint,Low,Working,Unusual noise,Kamala Devi,No,Rejected,9.0,2026-07-09,2026-07-09,Fail,Sri Priya,OK after check,Yes,5.0,2026-07-12,2026-07-13,Fail,Sri Priya,Escalated to vendor,0.0,1.0,2026-07-13,6.0
10,2026-05-02,Machining,MAC-02,Gleason,Preventive,Warranty Check,High,Waiting,Output defect reported,Nanda Bala,No,Rejected,10.0,2026-05-03,2026-05-05,Fail,Narsiman Reddy,Confirmed defect,Yes,6.0,2026-05-08,2026-05-09,Fail,Sri Priya,Root cause confirmed,2.0,1.0,2026-05-09,7.0
11,2025-12-13,Machining,MAC-01,Nokia,Preventive,Scheduled,Low,Idle,Unusual noise,Akiran Suresh,Yes,In Progress,11.0,2025-12-15,2025-12-15,Pass,Akhil Sharma,Confirmed defect,Yes,,,,,,,0.0,,2025-12-15,2.0
12,2025-05-16,Machining,MAC-05,Pfauter,Quality,Scheduled,Low,Working,Output defect reported,Nanda Bala,Yes,Completed,12.0,2025-05-19,2025-05-20,Pass,Dev Mehta,OK after check,No,,,,,,,1.0,,2025-05-20,4.0
13,2025-03-04,Testing,TES-01,Ninja,Mechanical,Scheduled,Medium,Idle,Vibration detected,Janani Meena,Yes,Completed,13.0,2025-03-05,2025-03-06,Pass,Sri Priya,Confirmed defect,No,,,,,,,1.0,,2025-03-06,2.0
14,2025-02-21,Packaging,PAC-01,Ninja,Mechanical,Breakdown,Low,Idle,Vibration detected,Raj Aravind,No,Completed,14.0,2025-02-22,2025-02-23,Pass,Muhammed Anand,Confirmed defect,No,,,,,,,1.0,,2025-02-23,2.0
15,2025-09-29,Assembly,ASS-04,Gleason,Quality,Upgrade,Medium,Waiting,Safety guard issue,Janani Meena,Yes,Rejected,15.0,2025-10-01,2025-10-01,Fail,Ravi Kumar,Needs follow-up,No,,,,,,,0.0,,2025-10-01,2.0
16,2026-08-22,Assembly,ASS-01,Nokia,Mechanical,Calibration,Low,Idle,Vibration detected,Kamala Devi,No,Open,,,,,,,,,,,,,,,,,
17,2026-02-18,Testing,TES-02,Nokia,Preventive,Calibration,Low,Idle,Safety guard issue,Kamala Devi,No,Completed,16.0,2026-02-20,2026-02-21,Fail,Vara Lakshmi,Needs follow-up,Yes,7.0,2026-02-23,2026-02-23,Pass,Akhil Sharma,Part replaced,1.0,0.0,2026-02-23,5.0
18,2025-01-10,Welding,WEL-01,Motorola,Mechanical,Calibration,Low,Idle,Safety guard issue,Sri Varun,Yes,Completed,17.0,2025-01-12,2025-01-12,Pass,Narsiman Reddy,Needs follow-up,No,,,,,,,0.0,,2025-01-12,2.0
19,2026-07-11,Machining,MAC-04,Ninja,Preventive,Breakdown,Low,Waiting,Safety guard issue,Sri Varun,No,Completed,18.0,2026-07-11,2026-07-11,Pass,Muhammed Anand,Needs follow-up,Yes,8.0,2026-07-13,2026-07-15,Pass,Vara Lakshmi,Escalated to vendor,0.0,2.0,2026-07-15,4.0
20,2025-09-28,Welding,WEL-02,Ninja,Mechanical,Breakdown,Medium,Waiting,Output defect reported,Sri Varun,Yes,Completed,19.0,2025-09-30,2025-09-30,Pass,Akhil Sharma,Minor issue fixed,No,,,,,,,0.0,,2025-09-30,2.0
21,2026-07-19,Testing,TES-04,Motorola,Mechanical,Breakdown,Low,Waiting,Vibration detected,Akiran Suresh,No,Completed,20.0,2026-07-20,2026-07-21,Fail,Narsiman Reddy,OK after check,Yes,9.0,2026-07-23,2026-07-23,Pass,Vara Lakshmi,Escalated to vendor,1.0,0.0,2026-07-23,4.0
22,2026-07-28,Assembly,ASS-03,Pfauter,Electrical,Scheduled,Medium,Idle,Vibration detected,Raj Aravind,Yes,Rejected,21.0,2026-07-30,2026-07-31,Fail,Vara Lakshmi,Needs follow-up,No,,,,,,,1.0,,2026-07-31,3.0
23,2026-01-27,Machining,MAC-01,Nokia,Electrical,Warranty Check,Medium,Working,Scheduled check,Sri Varun,No,Rejected,22.0,2026-01-28,2026-01-28,Fail,Vara Lakshmi,Confirmed defect,Yes,10.0,2026-01-30,2026-01-31,Fail,Sri Priya,Part replaced,0.0,1.0,2026-01-31,4.0
24,2026-02-14,Welding,WEL-05,Gleason,Mechanical,Breakdown,Low,Working,Vibration detected,Sri Varun,Yes,Completed,23.0,2026-02-17,2026-02-18,Pass,Narsiman Reddy,Confirmed defect,No,,,,,,,1.0,,2026-02-18,4.0
25,2025-04-29,Packaging,PAC-05,Nokia,Safety,Breakdown,Low,Waiting,Output defect reported,Akiran Suresh,No,Completed,24.0,2025-04-30,2025-05-01,Pass,Narsiman Reddy,Needs follow-up,No,,,,,,,1.0,,2025-05-01,2.0
26,2025-11-04,Testing,TES-01,Dories,Safety,Audit Finding,Low,Waiting,Scheduled check,Tugluq Raj,Yes,Completed,25.0,2025-11-07,2025-11-09,Pass,Muhammed Anand,Needs follow-up,No,,,,,,,2.0,,2025-11-09,5.0
27,2025-01-01,Painting,PAI-05,Dories,Preventive,Calibration,High,Waiting,Scheduled check,Janani Meena,Yes,Completed,26.0,2025-01-02,2025-01-04,Pass,Muhammed Anand,OK after check,No,,,,,,,2.0,,2025-01-04,3.0
28,2025-12-10,Welding,WEL-05,Doraemon,Safety,Scheduled,High,Idle,Vibration detected,Akiran Suresh,Yes,Hold,27.0,2025-12-13,2025-12-15,Fail,Sri Priya,Confirmed defect,No,,,,,,,2.0,,2025-12-15,5.0
29,2025-07-19,Painting,PAI-05,Dories,Quality,Scheduled,Medium,Idle,Unusual noise,Kamala Devi,No,Completed,28.0,2025-07-20,2025-07-20,Pass,Dev Mehta,OK after check,No,,,,,,,0.0,,2025-07-20,1.0
30,2025-05-05,Packaging,PAC-02,Doraemon,Preventive,Calibration,Medium,Waiting,Scheduled check,Janani Meena,No,Completed,29.0,2025-05-08,2025-05-10,Pass,Muhammed Anand,Confirmed defect,No,,,,,,,2.0,,2025-05-10,5.0
31,2025-09-11,Painting,PAI-03,Ninja,Preventive,Audit Finding,Medium,Waiting,Vibration detected,Sri Varun,Yes,Completed,30.0,2025-09-13,2025-09-13,Fail,Sri Priya,Minor issue fixed,Yes,11.0,2025-09-14,2025-09-14,Pass,Kadar Iyer,Escalated to vendor,0.0,0.0,2025-09-14,3.0
32,2025-03-07,Machining,MAC-02,Pfauter,Quality,Audit Finding,Medium,Idle,Vibration detected,Raj Aravind,Yes,Completed,31.0,2025-03-07,2025-03-09,Pass,Ravi Kumar,Needs follow-up,No,,,,,,,2.0,,2025-03-09,2.0
33,2026-03-06,Welding,WEL-04,Pfauter,Preventive,Scheduled,Low,Working,Vibration detected,Sri Varun,No,Completed,32.0,2026-03-06,2026-03-07,Pass,Kadar Iyer,Minor issue fixed,No,,,,,,,1.0,,2026-03-07,1.0
34,2026-07-01,Painting,PAI-02,Pfauter,Preventive,Upgrade,Medium,Idle,Unusual noise,Raj Aravind,Yes,In Progress,33.0,2026-07-01,2026-07-02,Fail,Narsiman Reddy,Minor issue fixed,Yes,,,,,,,1.0,,2026-07-02,1.0
35,2025-12-12,Painting,PAI-03,Gleason,Quality,Complaint,Medium,Idle,Output defect reported,Akiran Suresh,No,Completed,34.0,2025-12-12,2025-12-13,Pass,Ravi Kumar,OK after check,Yes,12.0,2025-12-14,2025-12-14,Pass,Ravi Kumar,Escalated to vendor,1.0,0.0,2025-12-14,2.0
36,2025-05-10,Machining,MAC-02,Pfauter,Electrical,Audit Finding,High,Waiting,Scheduled check,Pellakuru Nithya,Yes,Completed,35.0,2025-05-10,2025-05-10,Pass,Sri Priya,OK after check,No,,,,,,,0.0,,2025-05-10,0.0
37,2026-01-20,Welding,WEL-05,Nokia,Mechanical,Calibration,Low,Waiting,Vibration detected,Kamala Devi,No,Completed,36.0,2026-01-22,2026-01-24,Pass,Sri Priya,OK after check,No,,,,,,,2.0,,2026-01-24,4.0
38,2026-03-15,Welding,WEL-05,Pfauter,Safety,Breakdown,High,Working,Output defect reported,Kamala Devi,Yes,Completed,37.0,2026-03-17,2026-03-19,Pass,Dev Mehta,Minor issue fixed,No,,,,,,,2.0,,2026-03-19,4.0
39,2026-06-19,Painting,PAI-02,Pfauter,Preventive,Warranty Check,Medium,Working,Output defect reported,Raj Aravind,No,Rejected,38.0,2026-06-21,2026-06-22,Fail,Sri Priya,Needs follow-up,No,,,,,,,1.0,,2026-06-22,3.0
40,2026-04-21,Painting,PAI-02,Dories,Safety,Breakdown,Low,Working,Scheduled check,Tugluq Raj,No,Completed,39.0,2026-04-23,2026-04-24,Pass,Akhil Sharma,OK after check,No,,,,,,,1.0,,2026-04-24,3.0
41,2025-03-29,Packaging,PAC-02,Dories,Preventive,Warranty Check,Medium,Idle,Output defect reported,Janani Meena,Yes,Completed,40.0,2025-03-29,2025-03-29,Fail,Vara Lakshmi,Needs follow-up,Yes,13.0,2025-04-01,2025-04-03,Pass,Narsiman Reddy,Part replaced,0.0,2.0,2025-04-03,5.0
42,2025-12-19,Packaging,PAC-05,Pfauter,Safety,Complaint,Low,Waiting,Output defect reported,Sri Varun,No,Completed,41.0,2025-12-20,2025-12-20,Pass,Narsiman Reddy,OK after check,No,,,,,,,0.0,,2025-12-20,1.0
43,2025-07-09,Testing,TES-05,Dories,Safety,Upgrade,Low,Waiting,Safety guard issue,Sri Varun,No,Completed,42.0,2025-07-10,2025-07-11,Pass,Akhil Sharma,OK after check,Yes,14.0,2025-07-14,2025-07-16,Pass,Muhammed Anand,Part replaced,1.0,2.0,2025-07-16,7.0
44,2026-07-21,Assembly,ASS-01,Doraemon,Quality,Breakdown,High,Idle,Safety guard issue,Sri Varun,Yes,Completed,43.0,2026-07-24,2026-07-25,Pass,Akhil Sharma,Confirmed defect,Yes,15.0,2026-07-26,2026-07-26,Pass,Kadar Iyer,Part replaced,1.0,0.0,2026-07-26,5.0
45,2025-02-24,Assembly,ASS-05,Gleason,Mechanical,Scheduled,Low,Idle,Safety guard issue,Raj Aravind,No,Completed,44.0,2025-02-25,2025-02-27,Pass,Dev Mehta,Needs follow-up,No,,,,,,,2.0,,2025-02-27,3.0
46,2025-11-09,Packaging,PAC-04,Pfauter,Mechanical,Warranty Check,High,Idle,Vibration detected,Sri Varun,No,Completed,45.0,2025-11-10,2025-11-10,Pass,Muhammed Anand,OK after check,Yes,16.0,2025-11-12,2025-11-13,Pass,Dev Mehta,Part replaced,0.0,1.0,2025-11-13,4.0
47,2025-10-23,Assembly,ASS-02,Ninja,Quality,Breakdown,Low,Waiting,Vibration detected,Sri Varun,No,Completed,46.0,2025-10-24,2025-10-25,Pass,Muhammed Anand,Needs follow-up,Yes,17.0,2025-10-26,2025-10-26,Pass,Ravi Kumar,Root cause confirmed,1.0,0.0,2025-10-26,3.0
48,2026-08-06,Welding,WEL-05,Motorola,Quality,Upgrade,Medium,Working,Output defect reported,Sri Varun,No,Rejected,47.0,2026-08-09,2026-08-10,Fail,Ravi Kumar,Confirmed defect,Yes,18.0,2026-08-13,2026-08-14,Fail,Akhil Sharma,Root cause confirmed,1.0,1.0,2026-08-14,8.0
49,2026-08-13,Assembly,ASS-02,Ninja,Safety,Calibration,High,Idle,Vibration detected,Janani Meena,Yes,Completed,48.0,2026-08-16,2026-08-17,Fail,Dev Mehta,OK after check,Yes,19.0,2026-08-19,2026-08-20,Pass,Kadar Iyer,Part replaced,1.0,1.0,2026-08-20,7.0
50,2025-06-14,Welding,WEL-01,Dories,Safety,Upgrade,Low,Working,Safety guard issue,Akiran Suresh,No,Completed,49.0,2025-06-16,2025-06-17,Pass,Kadar Iyer,OK after check,No,,,,,,,1.0,,2025-06-17,3.0
51,2026-04-19,Testing,TES-05,Pfauter,Safety,Calibration,High,Working,Output defect reported,Akiran Suresh,Yes,Completed,50.0,2026-04-20,2026-04-21,Pass,Dev Mehta,OK after check,No,,,,,,,1.0,,2026-04-21,2.0
52,2025-09-03,Assembly,ASS-05,Pfauter,Mechanical,Calibration,Medium,Working,Unusual noise,Nanda Bala,No,Completed,51.0,2025-09-03,2025-09-04,Pass,Muhammed Anand,Confirmed defect,No,,,,,,,1.0,,2025-09-04,1.0
53,2026-06-06,Testing,TES-03,Ninja,Quality,Audit Finding,Medium,Idle,Output defect reported,Tugluq Raj,Yes,Completed,52.0,2026-06-07,2026-06-07,Fail,Narsiman Reddy,Needs follow-up,Yes,20.0,2026-06-08,2026-06-09,Pass,Akhil Sharma,Escalated to vendor,0.0,1.0,2026-06-09,3.0
54,2025-06-02,Packaging,PAC-04,Gleason,Safety,Calibration,Medium,Waiting,Output defect reported,Janani Meena,No,Completed,53.0,2025-06-03,2025-06-05,Fail,Vara Lakshmi,Confirmed defect,Yes,21.0,2025-06-06,2025-06-07,Pass,Dev Mehta,Escalated to vendor,2.0,1.0,2025-06-07,5.0
55,2025-06-05,Painting,PAI-04,Nokia,Preventive,Calibration,High,Working,Unusual noise,Janani Meena,Yes,Completed,54.0,2025-06-08,2025-06-08,Pass,Kadar Iyer,Minor issue fixed,No,,,,,,,0.0,,2025-06-08,3.0
56,2025-09-29,Assembly,ASS-04,Dories,Mechanical,Warranty Check,Low,Working,Safety guard issue,Raj Aravind,No,Completed,55.0,2025-10-02,2025-10-04,Pass,Vara Lakshmi,Needs follow-up,Yes,22.0,2025-10-05,2025-10-07,Pass,Sri Priya,Part replaced,2.0,2.0,2025-10-07,8.0
57,2026-03-31,Assembly,ASS-01,Motorola,Mechanical,Complaint,Medium,Idle,Scheduled check,Pellakuru Nithya,Yes,Completed,56.0,2026-04-01,2026-04-01,Pass,Muhammed Anand,Minor issue fixed,No,,,,,,,0.0,,2026-04-01,1.0
58,2026-01-27,Machining,MAC-01,Dories,Preventive,Scheduled,High,Idle,Output defect reported,Sri Varun,Yes,Completed,57.0,2026-01-27,2026-01-28,Pass,Muhammed Anand,OK after check,No,,,,,,,1.0,,2026-01-28,1.0
59,2025-11-03,Painting,PAI-03,Doraemon,Safety,Audit Finding,Medium,Working,Vibration detected,Raj Aravind,No,Completed,58.0,2025-11-03,2025-11-03,Pass,Narsiman Reddy,Needs follow-up,No,,,,,,,0.0,,2025-11-03,0.0
60,2025-01-23,Testing,TES-03,Dories,Safety,Breakdown,Low,Waiting,Unusual noise,Janani Meena,No,Rejected,59.0,2025-01-25,2025-01-25,Fail,Narsiman Reddy,Minor issue fixed,No,,,,,,,0.0,,2025-01-25,2.0
61,2025-09-14,Testing,TES-02,Ninja,Electrical,Upgrade,Low,Idle,Unusual noise,Sri Varun,No,Completed,60.0,2025-09-14,2025-09-16,Pass,Muhammed Anand,OK after check,No,,,,,,,2.0,,2025-09-16,2.0
62,2026-03-02,Welding,WEL-03,Ninja,Preventive,Complaint,High,Waiting,Safety guard issue,Sri Varun,No,Completed,61.0,2026-03-04,2026-03-05,Pass,Akhil Sharma,Needs follow-up,No,,,,,,,1.0,,2026-03-05,3.0
63,2025-03-19,Assembly,ASS-04,Ninja,Quality,Warranty Check,High,Waiting,Scheduled check,Kamala Devi,No,Completed,62.0,2025-03-19,2025-03-20,Pass,Dev Mehta,Needs follow-up,No,,,,,,,1.0,,2025-03-20,1.0
64,2026-08-22,Testing,TES-03,Gleason,Mechanical,Upgrade,Low,Idle,Output defect reported,Akiran Suresh,No,Open,,,,,,,,,,,,,,,,,
65,2025-08-15,Packaging,PAC-03,Ninja,Quality,Upgrade,Low,Working,Output defect reported,Kamala Devi,Yes,Completed,63.0,2025-08-15,2025-08-16,Pass,Sri Priya,OK after check,No,,,,,,,1.0,,2025-08-16,1.0
66,2025-05-19,Machining,MAC-05,Doraemon,Preventive,Audit Finding,Medium,Waiting,Vibration detected,Raj Aravind,No,Completed,64.0,2025-05-22,2025-05-24,Pass,Akhil Sharma,OK after check,No,,,,,,,2.0,,2025-05-24,5.0
67,2025-08-11,Testing,TES-03,Ninja,Safety,Breakdown,High,Waiting,Scheduled check,Pellakuru Nithya,Yes,Completed,65.0,2025-08-13,2025-08-13,Pass,Dev Mehta,OK after check,No,,,,,,,0.0,,2025-08-13,2.0
68,2025-01-22,Testing,TES-02,Nokia,Electrical,Warranty Check,Medium,Waiting,Vibration detected,Kamala Devi,No,Hold,66.0,2025-01-23,2025-01-25,Fail,Vara Lakshmi,Minor issue fixed,No,,,,,,,2.0,,2025-01-25,3.0
69,2025-01-03,Welding,WEL-02,Nokia,Preventive,Complaint,High,Idle,Unusual noise,Akiran Suresh,Yes,Completed,67.0,2025-01-05,2025-01-05,Pass,Ravi Kumar,Minor issue fixed,No,,,,,,,0.0,,2025-01-05,2.0
70,2025-05-10,Welding,WEL-01,Motorola,Mechanical,Audit Finding,Low,Working,Scheduled check,Kamala Devi,No,Completed,68.0,2025-05-11,2025-05-13,Fail,Dev Mehta,OK after check,Yes,23.0,2025-05-14,2025-05-15,Pass,Kadar Iyer,Part replaced,2.0,1.0,2025-05-15,5.0
71,2026-05-18,Testing,TES-01,Motorola,Mechanical,Complaint,Medium,Waiting,Vibration detected,Kamala Devi,Yes,Completed,69.0,2026-05-20,2026-05-21,Pass,Akhil Sharma,Confirmed defect,No,,,,,,,1.0,,2026-05-21,3.0
72,2026-03-17,Packaging,PAC-05,Motorola,Preventive,Upgrade,Low,Idle,Output defect reported,Janani Meena,No,Hold,70.0,2026-03-20,2026-03-21,Fail,Dev Mehta,Confirmed defect,No,,,,,,,1.0,,2026-03-21,4.0
73,2025-11-17,Painting,PAI-01,Gleason,Safety,Scheduled,Low,Waiting,Output defect reported,Kamala Devi,Yes,Completed,71.0,2025-11-17,2025-11-17,Pass,Narsiman Reddy,Minor issue fixed,No,,,,,,,0.0,,2025-11-17,0.0
74,2026-08-24,Packaging,PAC-01,Gleason,Mechanical,Audit Finding,Low,Working,Output defect reported,Akiran Suresh,No,In Progress,72.0,2026-08-26,2026-08-26,Pass,Muhammed Anand,Confirmed defect,Yes,,,,,,,0.0,,2026-08-26,2.0
75,2025-12-25,Machining,MAC-01,Motorola,Safety,Calibration,Medium,Idle,Output defect reported,Akiran Suresh,No,Completed,73.0,2025-12-27,2025-12-27,Fail,Narsiman Reddy,Needs follow-up,Yes,24.0,2025-12-28,2025-12-28,Pass,Muhammed Anand,Escalated to vendor,0.0,0.0,2025-12-28,3.0
76,2025-03-13,Testing,TES-04,Motorola,Mechanical,Upgrade,Low,Waiting,Vibration detected,Raj Aravind,No,Completed,74.0,2025-03-15,2025-03-15,Pass,Narsiman Reddy,OK after check,No,,,,,,,0.0,,2025-03-15,2.0
77,2025-06-11,Assembly,ASS-02,Doraemon,Mechanical,Complaint,High,Working,Output defect reported,Janani Meena,Yes,Completed,75.0,2025-06-14,2025-06-15,Pass,Narsiman Reddy,Confirmed defect,Yes,25.0,2025-06-16,2025-06-17,Pass,Dev Mehta,Escalated to vendor,1.0,1.0,2025-06-17,6.0
78,2025-02-16,Testing,TES-03,Motorola,Mechanical,Scheduled,Low,Working,Vibration detected,Tugluq Raj,No,Completed,76.0,2025-02-18,2025-02-19,Fail,Kadar Iyer,Minor issue fixed,Yes,26.0,2025-02-20,2025-02-21,Pass,Vara Lakshmi,Escalated to vendor,1.0,1.0,2025-02-21,5.0
79,2025-03-15,Packaging,PAC-03,Motorola,Quality,Breakdown,Low,Working,Unusual noise,Pellakuru Nithya,No,Completed,77.0,2025-03-18,2025-03-20,Pass,Akhil Sharma,OK after check,No,,,,,,,2.0,,2025-03-20,5.0
80,2025-11-29,Painting,PAI-01,Dories,Safety,Breakdown,Low,Working,Unusual noise,Nanda Bala,No,Completed,78.0,2025-12-02,2025-12-04,Fail,Narsiman Reddy,Minor issue fixed,Yes,27.0,2025-12-06,2025-12-06,Pass,Sri Priya,Escalated to vendor,2.0,0.0,2025-12-06,7.0
81,2026-06-28,Testing,TES-01,Gleason,Electrical,Scheduled,Medium,Idle,Vibration detected,Sri Varun,Yes,Completed,79.0,2026-06-29,2026-07-01,Fail,Dev Mehta,Confirmed defect,Yes,28.0,2026-07-04,2026-07-06,Pass,Narsiman Reddy,Escalated to vendor,2.0,2.0,2026-07-06,8.0
82,2026-03-27,Welding,WEL-02,Doraemon,Safety,Warranty Check,Medium,Working,Safety guard issue,Akiran Suresh,Yes,Hold,80.0,2026-03-27,2026-03-28,Fail,Dev Mehta,Confirmed defect,No,,,,,,,1.0,,2026-03-28,1.0
83,2026-01-13,Assembly,ASS-01,Doraemon,Mechanical,Calibration,High,Waiting,Safety guard issue,Raj Aravind,Yes,Completed,81.0,2026-01-13,2026-01-14,Pass,Vara Lakshmi,Needs follow-up,No,,,,,,,1.0,,2026-01-14,1.0
84,2026-05-29,Packaging,PAC-04,Dories,Mechanical,Warranty Check,High,Working,Unusual noise,Tugluq Raj,Yes,Completed,82.0,2026-06-01,2026-06-02,Pass,Muhammed Anand,Needs follow-up,No,,,,,,,1.0,,2026-06-02,4.0
85,2026-02-01,Welding,WEL-03,Doraemon,Preventive,Breakdown,Medium,Waiting,Scheduled check,Kamala Devi,Yes,Completed,83.0,2026-02-04,2026-02-05,Pass,Narsiman Reddy,OK after check,Yes,29.0,2026-02-08,2026-02-10,Pass,Muhammed Anand,Part replaced,1.0,2.0,2026-02-10,9.0
86,2025-05-13,Welding,WEL-04,Gleason,Preventive,Audit Finding,High,Waiting,Scheduled check,Tugluq Raj,No,Completed,84.0,2025-05-13,2025-05-15,Pass,Narsiman Reddy,OK after check,No,,,,,,,2.0,,2025-05-15,2.0
87,2025-07-04,Welding,WEL-03,Ninja,Quality,Scheduled,Medium,Idle,Vibration detected,Tugluq Raj,Yes,Rejected,85.0,2025-07-04,2025-07-06,Fail,Ravi Kumar,Needs follow-up,No,,,,,,,2.0,,2025-07-06,2.0
88,2026-01-21,Packaging,PAC-02,Ninja,Preventive,Warranty Check,High,Idle,Output defect reported,Akiran Suresh,Yes,Completed,86.0,2026-01-22,2026-01-23,Pass,Dev Mehta,Minor issue fixed,No,,,,,,,1.0,,2026-01-23,2.0
89,2025-11-13,Packaging,PAC-02,Ninja,Electrical,Complaint,Medium,Waiting,Safety guard issue,Janani Meena,No,Rejected,87.0,2025-11-15,2025-11-16,Fail,Kadar Iyer,Minor issue fixed,No,,,,,,,1.0,,2025-11-16,3.0
90,2025-05-22,Machining,MAC-05,Doraemon,Quality,Warranty Check,High,Working,Safety guard issue,Kamala Devi,No,Rejected,88.0,2025-05-22,2025-05-23,Fail,Muhammed Anand,Needs follow-up,Yes,30.0,2025-05-25,2025-05-27,Fail,Muhammed Anand,Part replaced,1.0,2.0,2025-05-27,5.0
91,2026-04-07,Assembly,ASS-02,Dories,Mechanical,Audit Finding,High,Waiting,Scheduled check,Nanda Bala,Yes,Rejected,89.0,2026-04-07,2026-04-08,Fail,Narsiman Reddy,OK after check,Yes,31.0,2026-04-11,2026-04-13,Fail,Narsiman Reddy,Root cause confirmed,1.0,2.0,2026-04-13,6.0
92,2025-10-21,Machining,MAC-01,Doraemon,Electrical,Warranty Check,Medium,Waiting,Output defect reported,Janani Meena,No,Rejected,90.0,2025-10-21,2025-10-21,Fail,Muhammed Anand,Confirmed defect,Yes,32.0,2025-10-22,2025-10-23,Fail,Vara Lakshmi,Part replaced,0.0,1.0,2025-10-23,2.0
93,2025-09-02,Assembly,ASS-01,Dories,Mechanical,Breakdown,Low,Working,Safety guard issue,Akiran Suresh,No,Completed,91.0,2025-09-03,2025-09-05,Fail,Ravi Kumar,Needs follow-up,Yes,33.0,2025-09-06,2025-09-08,Pass,Kadar Iyer,Root cause confirmed,2.0,2.0,2025-09-08,6.0
94,2026-06-21,Testing,TES-01,Pfauter,Preventive,Calibration,High,Waiting,Safety guard issue,Akiran Suresh,Yes,Rejected,92.0,2026-06-24,2026-06-24,Fail,Narsiman Reddy,Needs follow-up,No,,,,,,,0.0,,2026-06-24,3.0
95,2026-01-01,Testing,TES-01,Nokia,Mechanical,Warranty Check,Medium,Waiting,Scheduled check,Tugluq Raj,Yes,Completed,93.0,2026-01-03,2026-01-05,Fail,Dev Mehta,Minor issue fixed,Yes,34.0,2026-01-06,2026-01-06,Pass,Dev Mehta,Root cause confirmed,2.0,0.0,2026-01-06,5.0
96,2025-02-14,Welding,WEL-02,Gleason,Safety,Calibration,High,Working,Safety guard issue,Janani Meena,Yes,Completed,94.0,2025-02-15,2025-02-16,Pass,Ravi Kumar,Needs follow-up,No,,,,,,,1.0,,2025-02-16,2.0
97,2026-01-12,Welding,WEL-01,Doraemon,Quality,Audit Finding,Medium,Working,Vibration detected,Janani Meena,No,Completed,95.0,2026-01-14,2026-01-16,Pass,Kadar Iyer,OK after check,Yes,35.0,2026-01-18,2026-01-20,Pass,Muhammed Anand,Escalated to vendor,2.0,2.0,2026-01-20,8.0
98,2025-04-16,Welding,WEL-03,Gleason,Safety,Audit Finding,Low,Waiting,Output defect reported,Tugluq Raj,No,Hold,96.0,2025-04-18,2025-04-19,Fail,Ravi Kumar,Needs follow-up,No,,,,,,,1.0,,2025-04-19,3.0
99,2025-10-09,Packaging,PAC-04,Motorola,Quality,Complaint,High,Waiting,Vibration detected,Akiran Suresh,Yes,Completed,97.0,2025-10-12,2025-10-12,Pass,Narsiman Reddy,Needs follow-up,Yes,36.0,2025-10-14,2025-10-16,Pass,Ravi Kumar,Escalated to vendor,0.0,2.0,2025-10-16,7.0
100,2026-01-15,Machining,MAC-04,Pfauter,Electrical,Calibration,High,Working,Output defect reported,Pellakuru Nithya,Yes,Completed,98.0,2026-01-16,2026-01-16,Pass,Dev Mehta,Confirmed defect,Yes,37.0,2026-01-19,2026-01-19,Pass,Akhil Sharma,Part replaced,0.0,0.0,2026-01-19,4.0
101,2025-08-08,Testing,TES-04,Doraemon,Quality,Scheduled,Medium,Idle,Vibration detected,Kamala Devi,No,Rejected,99.0,2025-08-11,2025-08-11,Fail,Narsiman Reddy,Needs follow-up,No,,,,,,,0.0,,2025-08-11,3.0
102,2026-07-18,Testing,TES-01,Ninja,Electrical,Upgrade,Medium,Waiting,Vibration detected,Pellakuru Nithya,No,Completed,100.0,2026-07-18,2026-07-18,Pass,Vara Lakshmi,Confirmed defect,No,,,,,,,0.0,,2026-07-18,0.0
103,2026-07-22,Assembly,ASS-03,Ninja,Preventive,Scheduled,Medium,Waiting,Unusual noise,Kamala Devi,Yes,Completed,101.0,2026-07-25,2026-07-27,Pass,Kadar Iyer,OK after check,No,,,,,,,2.0,,2026-07-27,5.0
104,2025-03-17,Machining,MAC-03,Pfauter,Safety,Scheduled,Low,Waiting,Safety guard issue,Tugluq Raj,No,Completed,102.0,2025-03-18,2025-03-19,Pass,Ravi Kumar,OK after check,No,,,,,,,1.0,,2025-03-19,2.0
105,2025-11-08,Packaging,PAC-02,Doraemon,Electrical,Complaint,Medium,Waiting,Scheduled check,Kamala Devi,Yes,Completed,103.0,2025-11-10,2025-11-10,Pass,Sri Priya,Minor issue fixed,No,,,,,,,0.0,,2025-11-10,2.0
106,2025-06-07,Packaging,PAC-05,Doraemon,Preventive,Complaint,Low,Waiting,Unusual noise,Akiran Suresh,Yes,Completed,104.0,2025-06-09,2025-06-11,Fail,Ravi Kumar,Confirmed defect,Yes,38.0,2025-06-14,2025-06-16,Pass,Akhil Sharma,Escalated to vendor,2.0,2.0,2025-06-16,9.0
107,2025-09-08,Welding,WEL-04,Dories,Safety,Audit Finding,Low,Idle,Unusual noise,Tugluq Raj,No,Completed,105.0,2025-09-11,2025-09-12,Pass,Narsiman Reddy,Needs follow-up,Yes,39.0,2025-09-15,2025-09-16,Pass,Kadar Iyer,Root cause confirmed,1.0,1.0,2025-09-16,8.0
108,2026-07-30,Welding,WEL-05,Dories,Mechanical,Complaint,High,Working,Vibration detected,Tugluq Raj,Yes,Completed,106.0,2026-08-01,2026-08-02,Pass,Kadar Iyer,Minor issue fixed,No,,,,,,,1.0,,2026-08-02,3.0
109,2026-08-15,Machining,MAC-03,Ninja,Electrical,Audit Finding,High,Waiting,Output defect reported,Janani Meena,No,Completed,107.0,2026-08-18,2026-08-18,Fail,Dev Mehta,Minor issue fixed,Yes,40.0,2026-08-19,2026-08-21,Pass,Narsiman Reddy,Root cause confirmed,0.0,2.0,2026-08-21,6.0
110,2026-05-22,Assembly,ASS-03,Doraemon,Quality,Complaint,Low,Waiting,Unusual noise,Kamala Devi,No,Completed,108.0,2026-05-24,2026-05-26,Pass,Kadar Iyer,Needs follow-up,No,,,,,,,2.0,,2026-05-26,4.0
111,2025-02-22,Assembly,ASS-04,Gleason,Preventive,Complaint,High,Idle,Output defect reported,Janani Meena,No,Completed,109.0,2025-02-24,2025-02-26,Pass,Sri Priya,Minor issue fixed,No,,,,,,,2.0,,2025-02-26,4.0
112,2026-01-18,Assembly,ASS-04,Pfauter,Safety,Warranty Check,Medium,Idle,Vibration detected,Raj Aravind,No,Completed,110.0,2026-01-18,2026-01-18,Fail,Dev Mehta,Confirmed defect,Yes,41.0,2026-01-19,2026-01-21,Pass,Muhammed Anand,Part replaced,0.0,2.0,2026-01-21,3.0
113,2025-06-16,Packaging,PAC-03,Doraemon,Safety,Calibration,Low,Working,Safety guard issue,Janani Meena,No,Completed,111.0,2025-06-18,2025-06-19,Pass,Narsiman Reddy,Needs follow-up,No,,,,,,,1.0,,2025-06-19,3.0
114,2026-03-03,Testing,TES-01,Ninja,Mechanical,Calibration,Low,Working,Scheduled check,Nanda Bala,No,Completed,112.0,2026-03-06,2026-03-06,Pass,Kadar Iyer,Minor issue fixed,No,,,,,,,0.0,,2026-03-06,3.0
115,2025-02-02,Testing,TES-02,Motorola,Electrical,Breakdown,Low,Working,Scheduled check,Raj Aravind,Yes,Completed,113.0,2025-02-03,2025-02-04,Pass,Dev Mehta,OK after check,No,,,,,,,1.0,,2025-02-04,2.0
116,2026-06-16,Testing,TES-02,Doraemon,Quality,Calibration,Medium,Working,Scheduled check,Tugluq Raj,No,Completed,114.0,2026-06-18,2026-06-20,Pass,Akhil Sharma,Confirmed defect,No,,,,,,,2.0,,2026-06-20,4.0
117,2025-10-13,Machining,MAC-02,Gleason,Safety,Upgrade,High,Idle,Output defect reported,Pellakuru Nithya,Yes,Completed,115.0,2025-10-15,2025-10-16,Fail,Kadar Iyer,Needs follow-up,Yes,42.0,2025-10-17,2025-10-18,Pass,Ravi Kumar,Part replaced,1.0,1.0,2025-10-18,5.0
118,2025-12-21,Testing,TES-01,Gleason,Quality,Scheduled,Low,Idle,Safety guard issue,Sri Varun,No,Rejected,116.0,2025-12-23,2025-12-23,Fail,Vara Lakshmi,Minor issue fixed,Yes,43.0,2025-12-24,2025-12-26,Fail,Vara Lakshmi,Escalated to vendor,0.0,2.0,2025-12-26,5.0
119,2025-04-13,Machining,MAC-01,Dories,Mechanical,Upgrade,Low,Idle,Unusual noise,Tugluq Raj,No,Completed,117.0,2025-04-16,2025-04-17,Pass,Akhil Sharma,Needs follow-up,No,,,,,,,1.0,,2025-04-17,4.0
120,2025-04-02,Welding,WEL-01,Pfauter,Mechanical,Scheduled,High,Working,Vibration detected,Akiran Suresh,No,Completed,118.0,2025-04-05,2025-04-06,Fail,Ravi Kumar,OK after check,Yes,44.0,2025-04-08,2025-04-10,Pass,Sri Priya,Part replaced,1.0,2.0,2025-04-10,8.0
121,2026-07-11,Welding,WEL-04,Ninja,Preventive,Audit Finding,High,Working,Vibration detected,Kamala Devi,Yes,Completed,119.0,2026-07-14,2026-07-16,Pass,Ravi Kumar,Needs follow-up,Yes,45.0,2026-07-18,2026-07-20,Pass,Vara Lakshmi,Root cause confirmed,2.0,2.0,2026-07-20,9.0
122,2026-03-14,Packaging,PAC-04,Dories,Mechanical,Scheduled,High,Idle,Output defect reported,Pellakuru Nithya,No,Completed,120.0,2026-03-14,2026-03-15,Pass,Dev Mehta,Needs follow-up,No,,,,,,,1.0,,2026-03-15,1.0
123,2026-08-20,Welding,WEL-03,Gleason,Safety,Upgrade,High,Idle,Unusual noise,Kamala Devi,Yes,Completed,121.0,2026-08-21,2026-08-22,Pass,Akhil Sharma,OK after check,No,,,,,,,1.0,,2026-08-22,2.0
124,2026-01-12,Testing,TES-03,Nokia,Quality,Scheduled,High,Working,Safety guard issue,Pellakuru Nithya,Yes,Completed,122.0,2026-01-15,2026-01-17,Pass,Vara Lakshmi,Minor issue fixed,No,,,,,,,2.0,,2026-01-17,5.0
125,2025-03-25,Testing,TES-05,Doraemon,Safety,Breakdown,Low,Waiting,Unusual noise,Akiran Suresh,No,Completed,123.0,2025-03-26,2025-03-28,Pass,Muhammed Anand,Needs follow-up,No,,,,,,,2.0,,2025-03-28,3.0
126,2025-04-30,Packaging,PAC-04,Pfauter,Quality,Breakdown,Low,Waiting,Output defect reported,Akiran Suresh,No,Completed,124.0,2025-05-03,2025-05-04,Pass,Dev Mehta,Needs follow-up,No,,,,,,,1.0,,2025-05-04,4.0
127,2026-02-10,Testing,TES-01,Doraemon,Electrical,Calibration,High,Idle,Unusual noise,Raj Aravind,Yes,Completed,125.0,2026-02-10,2026-02-12,Pass,Sri Priya,Confirmed defect,No,,,,,,,2.0,,2026-02-12,2.0
128,2026-02-23,Assembly,ASS-03,Ninja,Quality,Complaint,High,Working,Output defect reported,Raj Aravind,Yes,Completed,126.0,2026-02-24,2026-02-26,Pass,Sri Priya,Minor issue fixed,No,,,,,,,2.0,,2026-02-26,3.0
129,2026-06-26,Packaging,PAC-04,Ninja,Mechanical,Warranty Check,High,Idle,Scheduled check,Janani Meena,No,Completed,127.0,2026-06-29,2026-07-01,Pass,Vara Lakshmi,Minor issue fixed,No,,,,,,,2.0,,2026-07-01,5.0
130,2025-06-08,Painting,PAI-03,Ninja,Mechanical,Breakdown,Low,Waiting,Output defect reported,Akiran Suresh,Yes,Completed,128.0,2025-06-08,2025-06-08,Pass,Dev Mehta,OK after check,No,,,,,,,0.0,,2025-06-08,0.0
131,2026-02-16,Machining,MAC-01,Nokia,Mechanical,Scheduled,Low,Waiting,Scheduled check,Nanda Bala,No,Completed,129.0,2026-02-18,2026-02-20,Pass,Narsiman Reddy,Minor issue fixed,No,,,,,,,2.0,,2026-02-20,4.0
132,2026-06-18,Welding,WEL-02,Gleason,Mechanical,Calibration,Medium,Waiting,Vibration detected,Raj Aravind,No,Completed,130.0,2026-06-18,2026-06-19,Pass,Kadar Iyer,Needs follow-up,No,,,,,,,1.0,,2026-06-19,1.0
133,2026-02-23,Testing,TES-04,Nokia,Preventive,Audit Finding,Medium,Idle,Vibration detected,Sri Varun,No,Completed,131.0,2026-02-24,2026-02-25,Pass,Kadar Iyer,Confirmed defect,No,,,,,,,1.0,,2026-02-25,2.0
134,2025-05-18,Packaging,PAC-05,Nokia,Safety,Upgrade,Medium,Idle,Output defect reported,Pellakuru Nithya,Yes,Completed,132.0,2025-05-19,2025-05-19,Pass,Sri Priya,Minor issue fixed,Yes,46.0,2025-05-22,2025-05-24,Pass,Vara Lakshmi,Part replaced,0.0,2.0,2025-05-24,6.0
135,2025-11-07,Machining,MAC-03,Nokia,Electrical,Upgrade,High,Idle,Output defect reported,Nanda Bala,No,Rejected,133.0,2025-11-08,2025-11-09,Fail,Narsiman Reddy,Needs follow-up,No,,,,,,,1.0,,2025-11-09,2.0
136,2026-07-01,Painting,PAI-04,Gleason,Safety,Calibration,Medium,Working,Output defect reported,Kamala Devi,No,Completed,134.0,2026-07-04,2026-07-05,Pass,Narsiman Reddy,Needs follow-up,No,,,,,,,1.0,,2026-07-05,4.0
137,2026-07-31,Painting,PAI-01,Nokia,Mechanical,Complaint,Low,Waiting,Safety guard issue,Raj Aravind,No,Rejected,135.0,2026-08-01,2026-08-02,Fail,Vara Lakshmi,Confirmed defect,Yes,47.0,2026-08-05,2026-08-07,Fail,Narsiman Reddy,Part replaced,1.0,2.0,2026-08-07,7.0
138,2026-04-17,Painting,PAI-04,Nokia,Electrical,Upgrade,Medium,Waiting,Output defect reported,Tugluq Raj,No,Completed,136.0,2026-04-17,2026-04-19,Pass,Ravi Kumar,OK after check,Yes,48.0,2026-04-21,2026-04-21,Pass,Vara Lakshmi,Root cause confirmed,2.0,0.0,2026-04-21,4.0
139,2025-01-10,Testing,TES-02,Gleason,Mechanical,Calibration,Medium,Waiting,Safety guard issue,Janani Meena,No,Completed,137.0,2025-01-10,2025-01-10,Pass,Kadar Iyer,OK after check,No,,,,,,,0.0,,2025-01-10,0.0
140,2025-10-09,Assembly,ASS-05,Motorola,Preventive,Warranty Check,Medium,Waiting,Output defect reported,Tugluq Raj,Yes,Completed,138.0,2025-10-09,2025-10-11,Pass,Akhil Sharma,Needs follow-up,Yes,49.0,2025-10-13,2025-10-14,Pass,Sri Priya,Part replaced,2.0,1.0,2025-10-14,5.0
141,2026-08-02,Painting,PAI-04,Nokia,Safety,Upgrade,Low,Idle,Unusual noise,Kamala Devi,No,Completed,139.0,2026-08-05,2026-08-07,Pass,Ravi Kumar,Minor issue fixed,No,,,,,,,2.0,,2026-08-07,5.0
142,2026-03-21,Assembly,ASS-04,Pfauter,Mechanical,Calibration,Medium,Idle,Vibration detected,Nanda Bala,No,Completed,140.0,2026-03-24,2026-03-25,Pass,Akhil Sharma,OK after check,Yes,50.0,2026-03-26,2026-03-27,Pass,Ravi Kumar,Root cause confirmed,1.0,1.0,2026-03-27,6.0
143,2026-02-12,Packaging,PAC-02,Nokia,Preventive,Scheduled,Medium,Waiting,Output defect reported,Pellakuru Nithya,Yes,Rejected,141.0,2026-02-13,2026-02-15,Fail,Narsiman Reddy,OK after check,No,,,,,,,2.0,,2026-02-15,3.0
144,2025-08-26,Assembly,ASS-04,Pfauter,Preventive,Calibration,Medium,Working,Scheduled check,Akiran Suresh,No,Completed,142.0,2025-08-29,2025-08-30,Fail,Kadar Iyer,Minor issue fixed,Yes,51.0,2025-09-02,2025-09-04,Pass,Kadar Iyer,Root cause confirmed,1.0,2.0,2025-09-04,9.0
145,2025-09-10,Packaging,PAC-03,Gleason,Electrical,Audit Finding,High,Waiting,Vibration detected,Raj Aravind,Yes,Completed,143.0,2025-09-10,2025-09-10,Fail,Dev Mehta,Needs follow-up,Yes,52.0,2025-09-12,2025-09-12,Pass,Muhammed Anand,Root cause confirmed,0.0,0.0,2025-09-12,2.0
146,2026-04-05,Machining,MAC-04,Dories,Mechanical,Breakdown,Low,Idle,Scheduled check,Kamala Devi,No,Completed,144.0,2026-04-07,2026-04-08,Fail,Kadar Iyer,OK after check,Yes,53.0,2026-04-11,2026-04-13,Pass,Vara Lakshmi,Escalated to vendor,1.0,2.0,2026-04-13,8.0
147,2026-01-25,Packaging,PAC-02,Gleason,Safety,Audit Finding,Medium,Idle,Unusual noise,Tugluq Raj,Yes,Completed,145.0,2026-01-28,2026-01-29,Pass,Sri Priya,Needs follow-up,No,,,,,,,1.0,,2026-01-29,4.0
148,2026-05-23,Welding,WEL-02,Dories,Mechanical,Scheduled,High,Working,Unusual noise,Raj Aravind,Yes,Completed,146.0,2026-05-26,2026-05-27,Pass,Kadar Iyer,Minor issue fixed,No,,,,,,,1.0,,2026-05-27,4.0
149,2025-07-25,Welding,WEL-03,Dories,Safety,Complaint,High,Waiting,Output defect reported,Nanda Bala,Yes,Completed,147.0,2025-07-27,2025-07-28,Pass,Vara Lakshmi,Minor issue fixed,No,,,,,,,1.0,,2025-07-28,3.0
150,2025-01-28,Testing,TES-05,Doraemon,Electrical,Audit Finding,Medium,Working,Unusual noise,Raj Aravind,No,Rejected,148.0,2025-01-29,2025-01-31,Fail,Akhil Sharma,Minor issue fixed,Yes,54.0,2025-02-03,2025-02-04,Fail,Kadar Iyer,Root cause confirmed,2.0,1.0,2025-02-04,7.0
151,2026-05-06,Painting,PAI-05,Pfauter,Quality,Calibration,Low,Idle,Scheduled check,Kamala Devi,Yes,Completed,149.0,2026-05-07,2026-05-09,Pass,Muhammed Anand,OK after check,No,,,,,,,2.0,,2026-05-09,3.0
152,2025-12-06,Packaging,PAC-04,Motorola,Mechanical,Breakdown,Medium,Working,Vibration detected,Nanda Bala,Yes,Rejected,150.0,2025-12-09,2025-12-10,Fail,Muhammed Anand,Needs follow-up,No,,,,,,,1.0,,2025-12-10,4.0
153,2025-04-18,Assembly,ASS-04,Motorola,Electrical,Complaint,High,Working,Scheduled check,Janani Meena,No,Completed,151.0,2025-04-21,2025-04-22,Pass,Dev Mehta,Confirmed defect,No,,,,,,,1.0,,2025-04-22,4.0
154,2025-11-04,Welding,WEL-01,Motorola,Mechanical,Warranty Check,Low,Working,Unusual noise,Tugluq Raj,No,In Progress,152.0,2025-11-05,2025-11-07,Pass,Narsiman Reddy,Confirmed defect,Yes,,,,,,,2.0,,2025-11-07,3.0
155,2026-02-19,Painting,PAI-02,Doraemon,Quality,Audit Finding,High,Idle,Safety guard issue,Nanda Bala,Yes,Completed,153.0,2026-02-22,2026-02-23,Pass,Vara Lakshmi,Needs follow-up,Yes,55.0,2026-02-26,2026-02-26,Pass,Sri Priya,Escalated to vendor,1.0,0.0,2026-02-26,7.0
156,2025-11-30,Machining,MAC-03,Gleason,Quality,Calibration,High,Waiting,Scheduled check,Raj Aravind,Yes,Completed,154.0,2025-11-30,2025-12-01,Pass,Dev Mehta,Minor issue fixed,No,,,,,,,1.0,,2025-12-01,1.0
157,2025-03-28,Testing,TES-03,Motorola,Electrical,Complaint,Medium,Idle,Vibration detected,Pellakuru Nithya,No,Completed,155.0,2025-03-31,2025-04-01,Pass,Kadar Iyer,Confirmed defect,No,,,,,,,1.0,,2025-04-01,4.0
158,2026-07-05,Machining,MAC-04,Nokia,Preventive,Scheduled,Low,Working,Scheduled check,Tugluq Raj,Yes,Completed,156.0,2026-07-08,2026-07-10,Fail,Ravi Kumar,Confirmed defect,Yes,56.0,2026-07-11,2026-07-11,Pass,Kadar Iyer,Escalated to vendor,2.0,0.0,2026-07-11,6.0
159,2026-02-23,Packaging,PAC-04,Doraemon,Quality,Audit Finding,Medium,Idle,Unusual noise,Akiran Suresh,No,Completed,157.0,2026-02-24,2026-02-25,Pass,Akhil Sharma,Minor issue fixed,Yes,57.0,2026-02-27,2026-03-01,Pass,Dev Mehta,Escalated to vendor,1.0,2.0,2026-03-01,6.0
160,2026-08-10,Packaging,PAC-01,Ninja,Safety,Calibration,Low,Idle,Output defect reported,Nanda Bala,No,Open,,,,,,,,,,,,,,,,,
161,2025-11-01,Assembly,ASS-02,Dories,Safety,Complaint,High,Idle,Output defect reported,Kamala Devi,No,Rejected,158.0,2025-11-02,2025-11-02,Fail,Narsiman Reddy,Confirmed defect,No,,,,,,,0.0,,2025-11-02,1.0
162,2025-05-23,Machining,MAC-05,Ninja,Mechanical,Calibration,High,Working,Safety guard issue,Sri Varun,Yes,Completed,159.0,2025-05-24,2025-05-25,Pass,Akhil Sharma,Needs follow-up,No,,,,,,,1.0,,2025-05-25,2.0
163,2026-06-11,Packaging,PAC-03,Ninja,Mechanical,Scheduled,Low,Working,Unusual noise,Sri Varun,No,Rejected,160.0,2026-06-12,2026-06-14,Fail,Vara Lakshmi,Minor issue fixed,No,,,,,,,2.0,,2026-06-14,3.0
164,2025-09-11,Testing,TES-03,Dories,Quality,Scheduled,Low,Waiting,Scheduled check,Raj Aravind,No,Completed,161.0,2025-09-11,2025-09-13,Pass,Sri Priya,Confirmed defect,No,,,,,,,2.0,,2025-09-13,2.0
165,2026-01-13,Packaging,PAC-03,Gleason,Preventive,Breakdown,Medium,Waiting,Unusual noise,Janani Meena,No,Completed,162.0,2026-01-15,2026-01-15,Pass,Kadar Iyer,Minor issue fixed,No,,,,,,,0.0,,2026-01-15,2.0
166,2026-05-22,Painting,PAI-02,Gleason,Preventive,Calibration,Medium,Idle,Safety guard issue,Janani Meena,No,Completed,163.0,2026-05-22,2026-05-22,Fail,Ravi Kumar,OK after check,Yes,58.0,2026-05-23,2026-05-24,Pass,Dev Mehta,Root cause confirmed,0.0,1.0,2026-05-24,2.0
167,2025-05-16,Painting,PAI-02,Nokia,Safety,Breakdown,Medium,Waiting,Scheduled check,Sri Varun,Yes,Rejected,164.0,2025-05-17,2025-05-17,Fail,Akhil Sharma,Minor issue fixed,Yes,59.0,2025-05-19,2025-05-21,Fail,Sri Priya,Escalated to vendor,0.0,2.0,2025-05-21,5.0
168,2025-08-07,Assembly,ASS-01,Pfauter,Electrical,Calibration,High,Waiting,Output defect reported,Akiran Suresh,Yes,Completed,165.0,2025-08-09,2025-08-09,Pass,Kadar Iyer,Minor issue fixed,No,,,,,,,0.0,,2025-08-09,2.0
169,2025-08-23,Painting,PAI-01,Ninja,Mechanical,Breakdown,Low,Working,Scheduled check,Sri Varun,Yes,Completed,166.0,2025-08-24,2025-08-26,Pass,Muhammed Anand,OK after check,No,,,,,,,2.0,,2025-08-26,3.0
170,2025-01-09,Packaging,PAC-05,Dories,Safety,Upgrade,High,Idle,Vibration detected,Raj Aravind,Yes,Completed,167.0,2025-01-12,2025-01-12,Pass,Muhammed Anand,OK after check,Yes,60.0,2025-01-15,2025-01-17,Pass,Kadar Iyer,Part replaced,0.0,2.0,2025-01-17,8.0
171,2025-05-24,Painting,PAI-03,Motorola,Electrical,Calibration,Low,Waiting,Safety guard issue,Sri Varun,No,Completed,168.0,2025-05-24,2025-05-26,Pass,Vara Lakshmi,Minor issue fixed,No,,,,,,,2.0,,2025-05-26,2.0
172,2025-10-30,Testing,TES-04,Dories,Quality,Breakdown,High,Idle,Output defect reported,Kamala Devi,Yes,Completed,169.0,2025-10-30,2025-10-31,Pass,Muhammed Anand,Confirmed defect,No,,,,,,,1.0,,2025-10-31,1.0
173,2026-01-10,Packaging,PAC-04,Ninja,Quality,Warranty Check,High,Idle,Unusual noise,Kamala Devi,Yes,Completed,170.0,2026-01-11,2026-01-11,Pass,Kadar Iyer,Needs follow-up,No,,,,,,,0.0,,2026-01-11,1.0
174,2026-03-02,Testing,TES-05,Motorola,Preventive,Calibration,Medium,Waiting,Vibration detected,Sri Varun,Yes,Completed,171.0,2026-03-02,2026-03-04,Pass,Muhammed Anand,Needs follow-up,No,,,,,,,2.0,,2026-03-04,2.0
175,2025-03-09,Painting,PAI-05,Doraemon,Electrical,Breakdown,Medium,Idle,Unusual noise,Raj Aravind,Yes,Completed,172.0,2025-03-09,2025-03-10,Pass,Muhammed Anand,OK after check,No,,,,,,,1.0,,2025-03-10,1.0
176,2025-01-12,Assembly,ASS-02,Pfauter,Preventive,Warranty Check,Medium,Waiting,Scheduled check,Tugluq Raj,Yes,Completed,173.0,2025-01-14,2025-01-16,Pass,Ravi Kumar,Needs follow-up,No,,,,,,,2.0,,2025-01-16,4.0
177,2026-06-21,Painting,PAI-03,Pfauter,Mechanical,Audit Finding,Low,Working,Safety guard issue,Pellakuru Nithya,Yes,Hold,174.0,2026-06-22,2026-06-23,Fail,Muhammed Anand,Needs follow-up,No,,,,,,,1.0,,2026-06-23,2.0
178,2025-04-29,Assembly,ASS-05,Motorola,Mechanical,Warranty Check,Low,Idle,Vibration detected,Akiran Suresh,No,Completed,175.0,2025-05-02,2025-05-02,Pass,Kadar Iyer,Minor issue fixed,Yes,61.0,2025-05-04,2025-05-04,Pass,Kadar Iyer,Escalated to vendor,0.0,0.0,2025-05-04,5.0
179,2025-03-21,Welding,WEL-03,Pfauter,Mechanical,Scheduled,High,Idle,Safety guard issue,Akiran Suresh,No,Completed,176.0,2025-03-21,2025-03-22,Pass,Akhil Sharma,Needs follow-up,No,,,,,,,1.0,,2025-03-22,1.0
180,2026-04-13,Assembly,ASS-05,Gleason,Preventive,Warranty Check,High,Working,Safety guard issue,Nanda Bala,Yes,In Progress,177.0,2026-04-16,2026-04-16,Pass,Muhammed Anand,OK after check,Yes,,,,,,,0.0,,2026-04-16,3.0
181,2025-08-27,Painting,PAI-01,Ninja,Mechanical,Complaint,Low,Idle,Output defect reported,Sri Varun,Yes,Completed,178.0,2025-08-28,2025-08-29,Pass,Ravi Kumar,Minor issue fixed,No,,,,,,,1.0,,2025-08-29,2.0
182,2025-04-06,Testing,TES-03,Ninja,Preventive,Audit Finding,High,Waiting,Scheduled check,Janani Meena,No,In Progress,,,,,,,,,,,,,,,,,
183,2025-05-17,Assembly,ASS-05,Motorola,Preventive,Calibration,Medium,Idle,Output defect reported,Tugluq Raj,Yes,Completed,179.0,2025-05-19,2025-05-20,Pass,Kadar Iyer,Needs follow-up,No,,,,,,,1.0,,2025-05-20,3.0
184,2025-10-06,Welding,WEL-04,Nokia,Preventive,Breakdown,High,Idle,Unusual noise,Tugluq Raj,Yes,Completed,180.0,2025-10-08,2025-10-09,Fail,Vara Lakshmi,Confirmed defect,Yes,62.0,2025-10-11,2025-10-12,Pass,Akhil Sharma,Root cause confirmed,1.0,1.0,2025-10-12,6.0
185,2025-11-08,Assembly,ASS-02,Pfauter,Mechanical,Scheduled,Low,Working,Vibration detected,Kamala Devi,No,Completed,181.0,2025-11-10,2025-11-11,Pass,Akhil Sharma,Needs follow-up,No,,,,,,,1.0,,2025-11-11,3.0
186,2026-02-19,Machining,MAC-01,Doraemon,Preventive,Scheduled,Low,Idle,Output defect reported,Kamala Devi,No,Rejected,182.0,2026-02-20,2026-02-20,Fail,Vara Lakshmi,Minor issue fixed,Yes,63.0,2026-02-21,2026-02-22,Fail,Narsiman Reddy,Escalated to vendor,0.0,1.0,2026-02-22,3.0
187,2026-08-20,Testing,TES-01,Motorola,Mechanical,Scheduled,High,Waiting,Output defect reported,Tugluq Raj,Yes,Completed,183.0,2026-08-22,2026-08-22,Fail,Ravi Kumar,Minor issue fixed,Yes,64.0,2026-08-25,2026-08-26,Pass,Kadar Iyer,Part replaced,0.0,1.0,2026-08-26,6.0
188,2026-03-13,Assembly,ASS-04,Nokia,Safety,Complaint,High,Working,Vibration detected,Akiran Suresh,Yes,Completed,184.0,2026-03-14,2026-03-16,Fail,Dev Mehta,OK after check,Yes,65.0,2026-03-17,2026-03-18,Pass,Kadar Iyer,Root cause confirmed,2.0,1.0,2026-03-18,5.0
189,2026-06-23,Painting,PAI-02,Ninja,Mechanical,Audit Finding,Low,Waiting,Scheduled check,Janani Meena,No,Completed,185.0,2026-06-26,2026-06-27,Pass,Narsiman Reddy,Confirmed defect,No,,,,,,,1.0,,2026-06-27,4.0
190,2025-01-27,Welding,WEL-02,Motorola,Safety,Breakdown,High,Working,Safety guard issue,Pellakuru Nithya,No,Completed,186.0,2025-01-28,2025-01-28,Pass,Akhil Sharma,OK after check,Yes,66.0,2025-01-29,2025-01-31,Pass,Kadar Iyer,Part replaced,0.0,2.0,2025-01-31,4.0
191,2025-08-31,Machining,MAC-02,Doraemon,Safety,Calibration,Low,Idle,Scheduled check,Tugluq Raj,No,Completed,187.0,2025-09-01,2025-09-02,Pass,Muhammed Anand,Confirmed defect,No,,,,,,,1.0,,2025-09-02,2.0
192,2025-02-27,Assembly,ASS-01,Motorola,Preventive,Audit Finding,High,Idle,Scheduled check,Nanda Bala,No,Completed,188.0,2025-03-01,2025-03-03,Fail,Ravi Kumar,OK after check,Yes,67.0,2025-03-04,2025-03-06,Pass,Muhammed Anand,Root cause confirmed,2.0,2.0,2025-03-06,7.0
193,2025-03-16,Packaging,PAC-03,Dories,Preventive,Breakdown,Low,Working,Scheduled check,Pellakuru Nithya,Yes,Completed,189.0,2025-03-17,2025-03-19,Pass,Dev Mehta,Needs follow-up,No,,,,,,,2.0,,2025-03-19,3.0
194,2026-01-01,Machining,MAC-05,Ninja,Electrical,Audit Finding,Low,Working,Scheduled check,Tugluq Raj,Yes,Completed,190.0,2026-01-01,2026-01-03,Pass,Kadar Iyer,OK after check,No,,,,,,,2.0,,2026-01-03,2.0
195,2025-11-22,Machining,MAC-05,Nokia,Preventive,Breakdown,Low,Working,Vibration detected,Pellakuru Nithya,No,Rejected,191.0,2025-11-23,2025-11-24,Fail,Muhammed Anand,OK after check,No,,,,,,,1.0,,2025-11-24,2.0
196,2026-04-03,Testing,TES-03,Nokia,Mechanical,Complaint,High,Working,Unusual noise,Akiran Suresh,Yes,In Progress,192.0,2026-04-06,2026-04-06,Fail,Dev Mehta,Confirmed defect,Yes,,,,,,,0.0,,2026-04-06,3.0
197,2026-01-20,Welding,WEL-05,Ninja,Preventive,Upgrade,Medium,Waiting,Vibration detected,Tugluq Raj,No,Completed,193.0,2026-01-20,2026-01-21,Fail,Sri Priya,OK after check,Yes,68.0,2026-01-23,2026-01-23,Pass,Kadar Iyer,Root cause confirmed,1.0,0.0,2026-01-23,3.0
198,2026-07-15,Testing,TES-01,Gleason,Preventive,Calibration,High,Working,Unusual noise,Raj Aravind,No,Rejected,194.0,2026-07-16,2026-07-18,Fail,Muhammed Anand,OK after check,No,,,,,,,2.0,,2026-07-18,3.0
199,2025-07-30,Assembly,ASS-03,Doraemon,Preventive,Upgrade,Medium,Waiting,Safety guard issue,Sri Varun,No,Rejected,195.0,2025-08-01,2025-08-01,Fail,Kadar Iyer,Confirmed defect,Yes,69.0,2025-08-02,2025-08-02,Fail,Narsiman Reddy,Root cause confirmed,0.0,0.0,2025-08-02,3.0
200,2025-10-29,Painting,PAI-01,Pfauter,Quality,Scheduled,Low,Idle,Unusual noise,Nanda Bala,Yes,Completed,196.0,2025-10-31,2025-10-31,Pass,Sri Priya,Needs follow-up,No,,,,,,,0.0,,2025-10-31,2.0
201,2026-05-16,Painting,PAI-04,Motorola,Preventive,Audit Finding,Medium,Idle,Scheduled check,Raj Aravind,Yes,Rejected,197.0,2026-05-19,2026-05-19,Fail,Dev Mehta,Needs follow-up,Yes,70.0,2026-05-20,2026-05-21,Fail,Ravi Kumar,Root cause confirmed,0.0,1.0,2026-05-21,5.0
202,2025-03-29,Testing,TES-01,Dories,Preventive,Scheduled,Low,Waiting,Unusual noise,Raj Aravind,No,Completed,198.0,2025-04-01,2025-04-03,Pass,Dev Mehta,Minor issue fixed,No,,,,,,,2.0,,2025-04-03,5.0
203,2025-03-22,Painting,PAI-03,Motorola,Preventive,Calibration,Low,Waiting,Safety guard issue,Tugluq Raj,Yes,Completed,199.0,2025-03-25,2025-03-25,Pass,Muhammed Anand,Minor issue fixed,No,,,,,,,0.0,,2025-03-25,3.0
204,2025-02-13,Machining,MAC-02,Dories,Electrical,Warranty Check,Low,Waiting,Vibration detected,Sri Varun,No,Completed,200.0,2025-02-13,2025-02-13,Pass,Kadar Iyer,Needs follow-up,No,,,,,,,0.0,,2025-02-13,0.0
205,2026-04-15,Welding,WEL-05,Ninja,Preventive,Calibration,High,Waiting,Output defect reported,Kamala Devi,Yes,Rejected,201.0,2026-04-16,2026-04-18,Fail,Sri Priya,OK after check,No,,,,,,,2.0,,2026-04-18,3.0
206,2025-10-20,Packaging,PAC-01,Dories,Safety,Audit Finding,Medium,Waiting,Output defect reported,Janani Meena,Yes,Rejected,202.0,2025-10-22,2025-10-23,Fail,Kadar Iyer,OK after check,Yes,71.0,2025-10-25,2025-10-26,Fail,Vara Lakshmi,Root cause confirmed,1.0,1.0,2025-10-26,6.0
207,2025-10-03,Testing,TES-04,Gleason,Safety,Complaint,High,Working,Output defect reported,Kamala Devi,No,Rejected,203.0,2025-10-04,2025-10-04,Fail,Dev Mehta,Needs follow-up,Yes,72.0,2025-10-06,2025-10-08,Fail,Kadar Iyer,Escalated to vendor,0.0,2.0,2025-10-08,5.0
208,2025-07-12,Testing,TES-01,Doraemon,Quality,Warranty Check,Medium,Waiting,Scheduled check,Akiran Suresh,No,Completed,204.0,2025-07-13,2025-07-13,Pass,Kadar Iyer,Minor issue fixed,No,,,,,,,0.0,,2025-07-13,1.0
209,2025-01-30,Packaging,PAC-05,Ninja,Mechanical,Scheduled,High,Idle,Output defect reported,Akiran Suresh,No,Completed,205.0,2025-01-31,2025-02-01,Pass,Dev Mehta,Confirmed defect,No,,,,,,,1.0,,2025-02-01,2.0
210,2025-02-01,Testing,TES-01,Pfauter,Quality,Scheduled,Medium,Working,Safety guard issue,Pellakuru Nithya,Yes,Completed,206.0,2025-02-03,2025-02-05,Pass,Sri Priya,Needs follow-up,No,,,,,,,2.0,,2025-02-05,4.0
211,2025-02-20,Assembly,ASS-04,Ninja,Electrical,Warranty Check,Low,Idle,Vibration detected,Nanda Bala,No,Completed,207.0,2025-02-23,2025-02-25,Pass,Dev Mehta,Minor issue fixed,Yes,73.0,2025-02-28,2025-02-28,Pass,Ravi Kumar,Root cause confirmed,2.0,0.0,2025-02-28,8.0
212,2025-11-09,Welding,WEL-05,Doraemon,Safety,Audit Finding,Low,Working,Scheduled check,Janani Meena,No,Completed,208.0,2025-11-12,2025-11-13,Pass,Kadar Iyer,OK after check,No,,,,,,,1.0,,2025-11-13,4.0
213,2026-01-19,Assembly,ASS-05,Pfauter,Safety,Complaint,Low,Waiting,Unusual noise,Janani Meena,Yes,Completed,209.0,2026-01-21,2026-01-23,Pass,Akhil Sharma,Needs follow-up,No,,,,,,,2.0,,2026-01-23,4.0
214,2025-07-12,Testing,TES-03,Motorola,Preventive,Audit Finding,High,Waiting,Scheduled check,Tugluq Raj,No,Completed,210.0,2025-07-15,2025-07-16,Fail,Kadar Iyer,Confirmed defect,Yes,74.0,2025-07-19,2025-07-19,Pass,Vara Lakshmi,Part replaced,1.0,0.0,2025-07-19,7.0
215,2026-07-02,Testing,TES-02,Doraemon,Safety,Calibration,Medium,Working,Vibration detected,Tugluq Raj,Yes,Completed,211.0,2026-07-05,2026-07-05,Pass,Muhammed Anand,Needs follow-up,No,,,,,,,0.0,,2026-07-05,3.0
216,2025-08-16,Testing,TES-01,Ninja,Safety,Audit Finding,Low,Working,Scheduled check,Sri Varun,No,Completed,212.0,2025-08-19,2025-08-19,Pass,Sri Priya,Confirmed defect,No,,,,,,,0.0,,2025-08-19,3.0
217,2025-05-03,Machining,MAC-05,Pfauter,Safety,Audit Finding,Medium,Idle,Vibration detected,Tugluq Raj,No,Rejected,213.0,2025-05-05,2025-05-06,Fail,Dev Mehta,Minor issue fixed,No,,,,,,,1.0,,2025-05-06,3.0
218,2025-03-24,Welding,WEL-02,Nokia,Safety,Upgrade,Low,Idle,Unusual noise,Janani Meena,No,Completed,214.0,2025-03-25,2025-03-27,Pass,Dev Mehta,OK after check,No,,,,,,,2.0,,2025-03-27,3.0
219,2026-03-21,Machining,MAC-05,Dories,Quality,Audit Finding,Medium,Idle,Unusual noise,Nanda Bala,No,Completed,215.0,2026-03-21,2026-03-22,Pass,Vara Lakshmi,OK after check,No,,,,,,,1.0,,2026-03-22,1.0
220,2025-09-12,Testing,TES-01,Gleason,Electrical,Breakdown,Medium,Working,Safety guard issue,Sri Varun,Yes,Completed,216.0,2025-09-12,2025-09-13,Pass,Dev Mehta,Needs follow-up,No,,,,,,,1.0,,2025-09-13,1.0
221,2025-12-17,Painting,PAI-02,Gleason,Electrical,Scheduled,Medium,Working,Unusual noise,Nanda Bala,Yes,Rejected,217.0,2025-12-18,2025-12-18,Fail,Muhammed Anand,OK after check,No,,,,,,,0.0,,2025-12-18,1.0
222,2026-01-20,Welding,WEL-01,Ninja,Preventive,Calibration,Medium,Idle,Safety guard issue,Akiran Suresh,No,Rejected,218.0,2026-01-20,2026-01-20,Fail,Kadar Iyer,Confirmed defect,No,,,,,,,0.0,,2026-01-20,0.0
223,2026-07-15,Painting,PAI-01,Nokia,Electrical,Upgrade,Low,Waiting,Unusual noise,Sri Varun,No,Completed,219.0,2026-07-15,2026-07-17,Pass,Muhammed Anand,Confirmed defect,No,,,,,,,2.0,,2026-07-17,2.0
224,2025-05-01,Assembly,ASS-05,Dories,Electrical,Calibration,High,Idle,Scheduled check,Nanda Bala,Yes,Completed,220.0,2025-05-04,2025-05-05,Fail,Vara Lakshmi,Confirmed defect,Yes,75.0,2025-05-07,2025-05-07,Pass,Ravi Kumar,Root cause confirmed,1.0,0.0,2025-05-07,6.0
225,2025-04-24,Testing,TES-01,Dories,Electrical,Breakdown,Low,Waiting,Unusual noise,Kamala Devi,No,Completed,221.0,2025-04-25,2025-04-26,Pass,Akhil Sharma,Needs follow-up,No,,,,,,,1.0,,2025-04-26,2.0
226,2025-04-13,Painting,PAI-01,Ninja,Safety,Complaint,High,Waiting,Scheduled check,Raj Aravind,No,Completed,222.0,2025-04-13,2025-04-13,Pass,Muhammed Anand,Needs follow-up,Yes,76.0,2025-04-15,2025-04-16,Pass,Akhil Sharma,Escalated to vendor,0.0,1.0,2025-04-16,3.0
227,2025-12-17,Assembly,ASS-03,Dories,Quality,Complaint,Medium,Working,Output defect reported,Raj Aravind,No,Completed,223.0,2025-12-18,2025-12-18,Pass,Muhammed Anand,OK after check,Yes,77.0,2025-12-20,2025-12-22,Pass,Dev Mehta,Escalated to vendor,0.0,2.0,2025-12-22,5.0
228,2025-07-05,Testing,TES-04,Pfauter,Mechanical,Warranty Check,Medium,Waiting,Vibration detected,Janani Meena,No,Completed,224.0,2025-07-05,2025-07-06,Pass,Sri Priya,Needs follow-up,No,,,,,,,1.0,,2025-07-06,1.0
229,2025-01-13,Testing,TES-03,Pfauter,Preventive,Upgrade,Low,Waiting,Vibration detected,Pellakuru Nithya,No,Completed,225.0,2025-01-13,2025-01-14,Pass,Vara Lakshmi,Confirmed defect,No,,,,,,,1.0,,2025-01-14,1.0
230,2025-06-02,Welding,WEL-04,Pfauter,Mechanical,Breakdown,Low,Waiting,Vibration detected,Janani Meena,No,Completed,226.0,2025-06-03,2025-06-03,Pass,Narsiman Reddy,Minor issue fixed,No,,,,,,,0.0,,2025-06-03,1.0
231,2025-02-21,Welding,WEL-03,Doraemon,Quality,Audit Finding,Low,Idle,Unusual noise,Janani Meena,No,Completed,227.0,2025-02-24,2025-02-24,Pass,Dev Mehta,Needs follow-up,No,,,,,,,0.0,,2025-02-24,3.0
232,2025-01-19,Assembly,ASS-04,Motorola,Preventive,Calibration,Medium,Idle,Unusual noise,Sri Varun,No,Completed,228.0,2025-01-20,2025-01-22,Pass,Narsiman Reddy,Needs follow-up,No,,,,,,,2.0,,2025-01-22,3.0
233,2026-04-11,Assembly,ASS-02,Pfauter,Quality,Upgrade,Low,Waiting,Scheduled check,Janani Meena,Yes,Completed,229.0,2026-04-12,2026-04-12,Pass,Akhil Sharma,Needs follow-up,No,,,,,,,0.0,,2026-04-12,1.0
234,2025-02-16,Testing,TES-01,Nokia,Quality,Breakdown,Medium,Working,Safety guard issue,Nanda Bala,Yes,Rejected,230.0,2025-02-19,2025-02-19,Fail,Vara Lakshmi,Needs follow-up,Yes,78.0,2025-02-20,2025-02-21,Fail,Ravi Kumar,Escalated to vendor,0.0,1.0,2025-02-21,5.0
235,2025-05-07,Testing,TES-05,Dories,Preventive,Calibration,Medium,Idle,Output defect reported,Akiran Suresh,No,Completed,231.0,2025-05-07,2025-05-09,Pass,Dev Mehta,Minor issue fixed,No,,,,,,,2.0,,2025-05-09,2.0
236,2025-06-27,Testing,TES-05,Motorola,Quality,Upgrade,High,Waiting,Safety guard issue,Pellakuru Nithya,Yes,Completed,232.0,2025-06-30,2025-07-01,Pass,Vara Lakshmi,Needs follow-up,No,,,,,,,1.0,,2025-07-01,4.0
237,2025-10-29,Painting,PAI-03,Nokia,Quality,Calibration,High,Waiting,Safety guard issue,Sri Varun,No,Completed,233.0,2025-10-31,2025-11-02,Pass,Vara Lakshmi,Minor issue fixed,No,,,,,,,2.0,,2025-11-02,4.0
238,2025-10-25,Machining,MAC-05,Nokia,Electrical,Calibration,Low,Waiting,Scheduled check,Kamala Devi,No,Completed,234.0,2025-10-28,2025-10-30,Pass,Kadar Iyer,Needs follow-up,No,,,,,,,2.0,,2025-10-30,5.0
239,2026-06-20,Painting,PAI-01,Nokia,Mechanical,Upgrade,Medium,Idle,Vibration detected,Sri Varun,No,Completed,235.0,2026-06-21,2026-06-22,Pass,Muhammed Anand,OK after check,No,,,,,,,1.0,,2026-06-22,2.0
240,2025-07-28,Testing,TES-03,Gleason,Quality,Breakdown,High,Waiting,Safety guard issue,Nanda Bala,No,Completed,236.0,2025-07-31,2025-07-31,Pass,Akhil Sharma,OK after check,No,,,,,,,0.0,,2025-07-31,3.0
241,2026-03-03,Painting,PAI-04,Gleason,Preventive,Breakdown,Low,Idle,Scheduled check,Nanda Bala,No,Rejected,237.0,2026-03-06,2026-03-06,Fail,Narsiman Reddy,Minor issue fixed,No,,,,,,,0.0,,2026-03-06,3.0
242,2025-10-29,Testing,TES-02,Motorola,Electrical,Scheduled,Low,Waiting,Safety guard issue,Kamala Devi,No,Completed,238.0,2025-11-01,2025-11-02,Pass,Muhammed Anand,Minor issue fixed,No,,,,,,,1.0,,2025-11-02,4.0
243,2025-01-06,Packaging,PAC-03,Nokia,Mechanical,Scheduled,Low,Working,Safety guard issue,Akiran Suresh,No,Completed,239.0,2025-01-08,2025-01-09,Pass,Narsiman Reddy,OK after check,No,,,,,,,1.0,,2025-01-09,3.0
244,2026-06-23,Testing,TES-03,Pfauter,Mechanical,Warranty Check,High,Waiting,Vibration detected,Raj Aravind,Yes,Completed,240.0,2026-06-26,2026-06-26,Pass,Vara Lakshmi,Needs follow-up,No,,,,,,,0.0,,2026-06-26,3.0
245,2025-10-28,Welding,WEL-03,Pfauter,Quality,Calibration,Low,Waiting,Unusual noise,Kamala Devi,No,Completed,241.0,2025-10-31,2025-10-31,Pass,Vara Lakshmi,OK after check,No,,,,,,,0.0,,2025-10-31,3.0
246,2026-01-26,Testing,TES-03,Dories,Safety,Calibration,High,Waiting,Scheduled check,Akiran Suresh,No,Rejected,242.0,2026-01-28,2026-01-30,Fail,Dev Mehta,Confirmed defect,No,,,,,,,2.0,,2026-01-30,4.0
247,2025-07-17,Assembly,ASS-03,Motorola,Electrical,Warranty Check,High,Waiting,Safety guard issue,Akiran Suresh,Yes,Completed,243.0,2025-07-18,2025-07-20,Pass,Vara Lakshmi,Confirmed defect,No,,,,,,,2.0,,2025-07-20,3.0
248,2026-07-05,Assembly,ASS-02,Ninja,Quality,Upgrade,Low,Idle,Vibration detected,Akiran Suresh,No,Completed,244.0,2026-07-07,2026-07-07,Pass,Muhammed Anand,Needs follow-up,Yes,79.0,2026-07-10,2026-07-10,Pass,Vara Lakshmi,Part replaced,0.0,0.0,2026-07-10,5.0
249,2026-04-07,Painting,PAI-04,Gleason,Mechanical,Audit Finding,Medium,Waiting,Unusual noise,Akiran Suresh,No,Completed,245.0,2026-04-07,2026-04-09,Pass,Sri Priya,Needs follow-up,No,,,,,,,2.0,,2026-04-09,2.0
250,2025-10-24,Packaging,PAC-01,Pfauter,Mechanical,Complaint,Medium,Working,Output defect reported,Raj Aravind,No,Completed,246.0,2025-10-24,2025-10-25,Pass,Muhammed Anand,Confirmed defect,Yes,80.0,2025-10-28,2025-10-29,Pass,Muhammed Anand,Part replaced,1.0,1.0,2025-10-29,5.0
251,2025-01-12,Testing,TES-03,Nokia,Mechanical,Breakdown,Low,Idle,Safety guard issue,Raj Aravind,No,Completed,247.0,2025-01-12,2025-01-13,Fail,Vara Lakshmi,Confirmed defect,Yes,81.0,2025-01-16,2025-01-18,Pass,Muhammed Anand,Root cause confirmed,1.0,2.0,2025-01-18,6.0
252,2025-09-16,Machining,MAC-02,Doraemon,Preventive,Warranty Check,High,Idle,Safety guard issue,Janani Meena,Yes,Completed,248.0,2025-09-16,2025-09-17,Pass,Akhil Sharma,OK after check,No,,,,,,,1.0,,2025-09-17,1.0
253,2026-05-14,Machining,MAC-05,Nokia,Electrical,Breakdown,Medium,Working,Safety guard issue,Kamala Devi,No,Rejected,249.0,2026-05-16,2026-05-17,Fail,Akhil Sharma,Minor issue fixed,Yes,82.0,2026-05-20,2026-05-22,Fail,Narsiman Reddy,Part replaced,1.0,2.0,2026-05-22,8.0
254,2025-01-05,Painting,PAI-02,Doraemon,Quality,Complaint,High,Working,Vibration detected,Pellakuru Nithya,No,Completed,250.0,2025-01-08,2025-01-09,Pass,Akhil Sharma,Confirmed defect,No,,,,,,,1.0,,2025-01-09,4.0
255,2025-06-29,Packaging,PAC-01,Ninja,Safety,Warranty Check,High,Idle,Safety guard issue,Nanda Bala,Yes,Completed,251.0,2025-06-29,2025-07-01,Pass,Ravi Kumar,Confirmed defect,Yes,83.0,2025-07-04,2025-07-04,Pass,Ravi Kumar,Escalated to vendor,2.0,0.0,2025-07-04,5.0
256,2026-07-07,Welding,WEL-05,Gleason,Quality,Scheduled,High,Waiting,Scheduled check,Tugluq Raj,Yes,Completed,252.0,2026-07-07,2026-07-08,Pass,Ravi Kumar,Minor issue fixed,No,,,,,,,1.0,,2026-07-08,1.0
257,2026-06-11,Packaging,PAC-02,Nokia,Preventive,Calibration,High,Waiting,Vibration detected,Janani Meena,No,Completed,253.0,2026-06-11,2026-06-11,Pass,Vara Lakshmi,OK after check,No,,,,,,,0.0,,2026-06-11,0.0
258,2025-08-28,Welding,WEL-03,Pfauter,Safety,Audit Finding,High,Working,Output defect reported,Akiran Suresh,Yes,In Progress,254.0,2025-08-28,2025-08-30,Fail,Akhil Sharma,Minor issue fixed,Yes,,,,,,,2.0,,2025-08-30,2.0
259,2026-01-10,Painting,PAI-04,Pfauter,Safety,Audit Finding,High,Idle,Safety guard issue,Raj Aravind,Yes,Completed,255.0,2026-01-12,2026-01-13,Pass,Ravi Kumar,Minor issue fixed,No,,,,,,,1.0,,2026-01-13,3.0
260,2025-08-24,Painting,PAI-02,Gleason,Electrical,Scheduled,Low,Idle,Vibration detected,Pellakuru Nithya,No,Hold,256.0,2025-08-24,2025-08-26,Fail,Vara Lakshmi,Confirmed defect,No,,,,,,,2.0,,2025-08-26,2.0
261,2026-05-09,Welding,WEL-01,Nokia,Preventive,Scheduled,Medium,Waiting,Output defect reported,Akiran Suresh,Yes,Completed,257.0,2026-05-10,2026-05-12,Pass,Muhammed Anand,OK after check,No,,,,,,,2.0,,2026-05-12,3.0
262,2025-02-27,Packaging,PAC-02,Pfauter,Quality,Calibration,High,Waiting,Unusual noise,Sri Varun,No,Completed,258.0,2025-02-28,2025-03-01,Pass,Dev Mehta,Confirmed defect,No,,,,,,,1.0,,2025-03-01,2.0
263,2026-02-25,Machining,MAC-02,Ninja,Electrical,Calibration,Low,Waiting,Safety guard issue,Sri Varun,Yes,Completed,259.0,2026-02-27,2026-02-28,Pass,Sri Priya,Minor issue fixed,No,,,,,,,1.0,,2026-02-28,3.0
264,2025-05-16,Painting,PAI-04,Pfauter,Preventive,Upgrade,High,Working,Vibration detected,Kamala Devi,Yes,Completed,260.0,2025-05-16,2025-05-18,Pass,Sri Priya,OK after check,No,,,,,,,2.0,,2025-05-18,2.0
265,2026-07-07,Painting,PAI-02,Doraemon,Quality,Calibration,Low,Working,Scheduled check,Akiran Suresh,No,Completed,261.0,2026-07-10,2026-07-10,Pass,Dev Mehta,Confirmed defect,No,,,,,,,0.0,,2026-07-10,3.0
266,2026-08-13,Welding,WEL-05,Gleason,Quality,Warranty Check,High,Idle,Unusual noise,Sri Varun,Yes,Open,,,,,,,,,,,,,,,,,
267,2025-09-21,Packaging,PAC-04,Doraemon,Mechanical,Calibration,Low,Waiting,Unusual noise,Akiran Suresh,No,Completed,262.0,2025-09-22,2025-09-24,Pass,Kadar Iyer,Needs follow-up,No,,,,,,,2.0,,2025-09-24,3.0
268,2026-03-13,Assembly,ASS-02,Gleason,Preventive,Audit Finding,Medium,Waiting,Scheduled check,Sri Varun,No,Completed,263.0,2026-03-16,2026-03-16,Pass,Dev Mehta,Minor issue fixed,No,,,,,,,0.0,,2026-03-16,3.0
269,2026-07-23,Welding,WEL-05,Pfauter,Safety,Warranty Check,Medium,Waiting,Output defect reported,Tugluq Raj,No,Completed,264.0,2026-07-23,2026-07-25,Pass,Sri Priya,Minor issue fixed,Yes,84.0,2026-07-28,2026-07-29,Pass,Narsiman Reddy,Escalated to vendor,2.0,1.0,2026-07-29,6.0
270,2025-06-14,Packaging,PAC-01,Motorola,Mechanical,Warranty Check,Low,Idle,Output defect reported,Raj Aravind,Yes,Completed,265.0,2025-06-16,2025-06-16,Pass,Ravi Kumar,Confirmed defect,No,,,,,,,0.0,,2025-06-16,2.0
271,2026-06-18,Painting,PAI-05,Motorola,Electrical,Upgrade,Low,Working,Output defect reported,Akiran Suresh,Yes,Completed,266.0,2026-06-20,2026-06-20,Pass,Muhammed Anand,OK after check,Yes,85.0,2026-06-22,2026-06-22,Pass,Ravi Kumar,Root cause confirmed,0.0,0.0,2026-06-22,4.0
272,2026-02-14,Assembly,ASS-03,Dories,Preventive,Scheduled,Medium,Waiting,Unusual noise,Kamala Devi,No,Completed,267.0,2026-02-16,2026-02-18,Pass,Narsiman Reddy,Needs follow-up,No,,,,,,,2.0,,2026-02-18,4.0
273,2025-07-19,Welding,WEL-02,Pfauter,Mechanical,Complaint,Medium,Idle,Output defect reported,Kamala Devi,No,Completed,268.0,2025-07-21,2025-07-22,Pass,Akhil Sharma,Needs follow-up,No,,,,,,,1.0,,2025-07-22,3.0
274,2026-01-22,Testing,TES-04,Ninja,Safety,Warranty Check,High,Working,Output defect reported,Akiran Suresh,Yes,Completed,269.0,2026-01-24,2026-01-24,Pass,Vara Lakshmi,Minor issue fixed,No,,,,,,,0.0,,2026-01-24,2.0
275,2025-12-28,Welding,WEL-04,Doraemon,Safety,Scheduled,High,Working,Unusual noise,Raj Aravind,No,Completed,270.0,2025-12-30,2025-12-30,Pass,Muhammed Anand,Confirmed defect,No,,,,,,,0.0,,2025-12-30,2.0
276,2025-08-12,Welding,WEL-03,Nokia,Electrical,Audit Finding,Medium,Waiting,Vibration detected,Nanda Bala,No,Rejected,271.0,2025-08-14,2025-08-14,Fail,Vara Lakshmi,Needs follow-up,Yes,86.0,2025-08-15,2025-08-15,Fail,Sri Priya,Root cause confirmed,0.0,0.0,2025-08-15,3.0
277,2025-01-07,Testing,TES-04,Motorola,Quality,Complaint,Low,Waiting,Scheduled check,Janani Meena,No,Completed,272.0,2025-01-09,2025-01-10,Fail,Kadar Iyer,Minor issue fixed,Yes,87.0,2025-01-13,2025-01-13,Pass,Ravi Kumar,Escalated to vendor,1.0,0.0,2025-01-13,6.0
278,2026-07-08,Painting,PAI-04,Dories,Electrical,Audit Finding,Medium,Idle,Safety guard issue,Janani Meena,Yes,In Progress,,,,,,,,,,,,,,,,,
279,2026-01-24,Testing,TES-02,Gleason,Preventive,Warranty Check,Medium,Working,Vibration detected,Sri Varun,Yes,Completed,273.0,2026-01-27,2026-01-29,Pass,Muhammed Anand,Confirmed defect,No,,,,,,,2.0,,2026-01-29,5.0
280,2026-03-06,Painting,PAI-02,Gleason,Quality,Complaint,Medium,Working,Vibration detected,Tugluq Raj,No,Completed,274.0,2026-03-07,2026-03-07,Pass,Vara Lakshmi,Confirmed defect,No,,,,,,,0.0,,2026-03-07,1.0
281,2025-05-30,Painting,PAI-02,Nokia,Quality,Warranty Check,Low,Idle,Vibration detected,Raj Aravind,No,Completed,275.0,2025-06-01,2025-06-02,Pass,Ravi Kumar,Confirmed defect,No,,,,,,,1.0,,2025-06-02,3.0
282,2025-03-03,Assembly,ASS-02,Dories,Mechanical,Audit Finding,Medium,Waiting,Scheduled check,Sri Varun,Yes,Completed,276.0,2025-03-05,2025-03-06,Pass,Narsiman Reddy,Minor issue fixed,Yes,88.0,2025-03-09,2025-03-11,Pass,Muhammed Anand,Part replaced,1.0,2.0,2025-03-11,8.0
283,2026-06-07,Welding,WEL-03,Dories,Mechanical,Audit Finding,Low,Waiting,Scheduled check,Janani Meena,No,Completed,277.0,2026-06-08,2026-06-08,Pass,Narsiman Reddy,Confirmed defect,No,,,,,,,0.0,,2026-06-08,1.0
284,2026-08-09,Testing,TES-05,Motorola,Electrical,Complaint,High,Idle,Scheduled check,Pellakuru Nithya,No,Completed,278.0,2026-08-11,2026-08-13,Pass,Akhil Sharma,Confirmed defect,No,,,,,,,2.0,,2026-08-13,4.0
285,2026-06-18,Welding,WEL-05,Nokia,Electrical,Warranty Check,Medium,Idle,Vibration detected,Nanda Bala,No,Rejected,279.0,2026-06-18,2026-06-18,Fail,Sri Priya,OK after check,Yes,89.0,2026-06-19,2026-06-20,Fail,Ravi Kumar,Root cause confirmed,0.0,1.0,2026-06-20,2.0
286,2025-03-27,Painting,PAI-05,Nokia,Mechanical,Upgrade,Low,Working,Scheduled check,Nanda Bala,Yes,Completed,280.0,2025-03-29,2025-03-30,Pass,Muhammed Anand,Minor issue fixed,No,,,,,,,1.0,,2025-03-30,3.0
287,2026-01-01,Assembly,ASS-01,Ninja,Quality,Audit Finding,Medium,Waiting,Scheduled check,Janani Meena,Yes,Rejected,281.0,2026-01-02,2026-01-04,Fail,Kadar Iyer,Needs follow-up,No,,,,,,,2.0,,2026-01-04,3.0
288,2026-07-07,Welding,WEL-04,Dories,Safety,Complaint,High,Working,Scheduled check,Tugluq Raj,Yes,Completed,282.0,2026-07-07,2026-07-09,Pass,Muhammed Anand,Needs follow-up,No,,,,,,,2.0,,2026-07-09,2.0
289,2026-07-02,Welding,WEL-04,Ninja,Quality,Complaint,Medium,Idle,Output defect reported,Sri Varun,No,In Progress,283.0,2026-07-04,2026-07-04,Fail,Kadar Iyer,Confirmed defect,Yes,,,,,,,0.0,,2026-07-04,2.0
290,2026-02-04,Machining,MAC-02,Gleason,Mechanical,Audit Finding,High,Waiting,Vibration detected,Sri Varun,Yes,Completed,284.0,2026-02-06,2026-02-07,Pass,Muhammed Anand,Minor issue fixed,Yes,90.0,2026-02-09,2026-02-09,Pass,Dev Mehta,Escalated to vendor,1.0,0.0,2026-02-09,5.0
291,2026-05-19,Painting,PAI-03,Nokia,Mechanical,Calibration,High,Idle,Vibration detected,Kamala Devi,Yes,Completed,285.0,2026-05-20,2026-05-22,Pass,Ravi Kumar,Minor issue fixed,No,,,,,,,2.0,,2026-05-22,3.0
292,2025-01-16,Assembly,ASS-02,Dories,Safety,Warranty Check,Medium,Working,Scheduled check,Janani Meena,No,Completed,286.0,2025-01-16,2025-01-17,Pass,Ravi Kumar,Needs follow-up,Yes,91.0,2025-01-19,2025-01-19,Pass,Dev Mehta,Root cause confirmed,1.0,0.0,2025-01-19,3.0
293,2026-01-26,Machining,MAC-03,Ninja,Electrical,Audit Finding,High,Working,Vibration detected,Akiran Suresh,Yes,Completed,287.0,2026-01-26,2026-01-28,Pass,Vara Lakshmi,Confirmed defect,No,,,,,,,2.0,,2026-01-28,2.0
294,2025-11-27,Painting,PAI-03,Motorola,Preventive,Calibration,Low,Idle,Scheduled check,Janani Meena,No,Completed,288.0,2025-11-28,2025-11-29,Pass,Vara Lakshmi,OK after check,No,,,,,,,1.0,,2025-11-29,2.0
295,2025-11-29,Machining,MAC-04,Pfauter,Mechanical,Audit Finding,Medium,Idle,Unusual noise,Akiran Suresh,No,In Progress,289.0,2025-11-30,2025-12-01,Pass,Vara Lakshmi,Minor issue fixed,Yes,,,,,,,1.0,,2025-12-01,2.0
296,2025-12-13,Painting,PAI-01,Motorola,Mechanical,Complaint,Low,Waiting,Vibration detected,Kamala Devi,Yes,Rejected,290.0,2025-12-14,2025-12-15,Fail,Narsiman Reddy,Confirmed defect,No,,,,,,,1.0,,2025-12-15,2.0
297,2025-01-22,Testing,TES-02,Doraemon,Electrical,Complaint,Medium,Idle,Output defect reported,Janani Meena,No,Completed,291.0,2025-01-25,2025-01-25,Pass,Narsiman Reddy,Needs follow-up,No,,,,,,,0.0,,2025-01-25,3.0
298,2025-10-09,Testing,TES-04,Ninja,Preventive,Scheduled,Low,Idle,Safety guard issue,Tugluq Raj,No,Rejected,292.0,2025-10-11,2025-10-13,Fail,Ravi Kumar,Confirmed defect,Yes,92.0,2025-10-16,2025-10-16,Fail,Ravi Kumar,Escalated to vendor,2.0,0.0,2025-10-16,7.0
299,2025-09-02,Welding,WEL-05,Doraemon,Preventive,Warranty Check,High,Working,Vibration detected,Janani Meena,No,Completed,293.0,2025-09-03,2025-09-05,Fail,Narsiman Reddy,OK after check,Yes,93.0,2025-09-06,2025-09-08,Pass,Sri Priya,Root cause confirmed,2.0,2.0,2025-09-08,6.0
300,2025-02-02,Machining,MAC-02,Nokia,Mechanical,Breakdown,Medium,Waiting,Output defect reported,Janani Meena,No,Completed,294.0,2025-02-04,2025-02-04,Pass,Sri Priya,OK after check,No,,,,,,,0.0,,2025-02-04,2.0
301,2025-03-23,Machining,MAC-04,Motorola,Safety,Calibration,Low,Waiting,Output defect reported,Pellakuru Nithya,No,Completed,295.0,2025-03-23,2025-03-25,Pass,Sri Priya,Needs follow-up,Yes,94.0,2025-03-26,2025-03-26,Pass,Sri Priya,Root cause confirmed,2.0,0.0,2025-03-26,3.0
302,2026-06-29,Testing,TES-02,Pfauter,Electrical,Calibration,High,Waiting,Vibration detected,Raj Aravind,No,Completed,296.0,2026-07-01,2026-07-03,Pass,Kadar Iyer,OK after check,No,,,,,,,2.0,,2026-07-03,4.0
303,2026-07-18,Machining,MAC-02,Doraemon,Electrical,Calibration,Medium,Waiting,Output defect reported,Pellakuru Nithya,No,Completed,297.0,2026-07-20,2026-07-21,Pass,Kadar Iyer,Needs follow-up,No,,,,,,,1.0,,2026-07-21,3.0
304,2026-07-31,Packaging,PAC-02,Ninja,Preventive,Upgrade,Medium,Working,Scheduled check,Janani Meena,Yes,Completed,298.0,2026-08-03,2026-08-03,Pass,Akhil Sharma,OK after check,No,,,,,,,0.0,,2026-08-03,3.0
305,2025-11-06,Packaging,PAC-02,Nokia,Safety,Breakdown,High,Waiting,Scheduled check,Tugluq Raj,Yes,In Progress,299.0,2025-11-07,2025-11-07,Fail,Narsiman Reddy,Minor issue fixed,Yes,,,,,,,0.0,,2025-11-07,1.0
306,2025-11-04,Machining,MAC-03,Pfauter,Electrical,Upgrade,Medium,Idle,Scheduled check,Janani Meena,Yes,Hold,300.0,2025-11-04,2025-11-06,Fail,Akhil Sharma,OK after check,No,,,,,,,2.0,,2025-11-06,2.0
307,2026-01-26,Testing,TES-05,Ninja,Safety,Complaint,High,Working,Output defect reported,Kamala Devi,No,Hold,301.0,2026-01-27,2026-01-29,Fail,Ravi Kumar,Confirmed defect,No,,,,,,,2.0,,2026-01-29,3.0
308,2026-06-21,Assembly,ASS-03,Pfauter,Electrical,Complaint,Low,Waiting,Vibration detected,Tugluq Raj,Yes,In Progress,302.0,2026-06-24,2026-06-25,Pass,Vara Lakshmi,Confirmed defect,Yes,,,,,,,1.0,,2026-06-25,4.0
309,2025-06-01,Welding,WEL-04,Dories,Preventive,Upgrade,High,Idle,Safety guard issue,Raj Aravind,Yes,Completed,303.0,2025-06-04,2025-06-06,Pass,Muhammed Anand,Minor issue fixed,No,,,,,,,2.0,,2025-06-06,5.0
310,2025-07-22,Painting,PAI-05,Pfauter,Electrical,Calibration,Low,Waiting,Safety guard issue,Nanda Bala,Yes,Completed,304.0,2025-07-24,2025-07-25,Pass,Sri Priya,OK after check,No,,,,,,,1.0,,2025-07-25,3.0
311,2026-03-10,Testing,TES-04,Gleason,Safety,Calibration,High,Waiting,Unusual noise,Sri Varun,Yes,Completed,305.0,2026-03-12,2026-03-14,Pass,Dev Mehta,Minor issue fixed,No,,,,,,,2.0,,2026-03-14,4.0
312,2025-08-28,Painting,PAI-01,Nokia,Mechanical,Breakdown,Medium,Waiting,Unusual noise,Nanda Bala,No,Completed,306.0,2025-08-29,2025-08-30,Pass,Akhil Sharma,Confirmed defect,Yes,95.0,2025-09-01,2025-09-01,Pass,Narsiman Reddy,Root cause confirmed,1.0,0.0,2025-09-01,4.0
313,2025-08-05,Testing,TES-05,Ninja,Safety,Calibration,Low,Working,Safety guard issue,Tugluq Raj,No,Completed,307.0,2025-08-05,2025-08-06,Pass,Ravi Kumar,Needs follow-up,No,,,,,,,1.0,,2025-08-06,1.0
314,2025-10-18,Machining,MAC-01,Pfauter,Safety,Breakdown,Low,Working,Unusual noise,Kamala Devi,No,Completed,308.0,2025-10-20,2025-10-22,Pass,Narsiman Reddy,OK after check,No,,,,,,,2.0,,2025-10-22,4.0
315,2026-01-31,Assembly,ASS-03,Pfauter,Mechanical,Complaint,Medium,Working,Safety guard issue,Kamala Devi,Yes,Completed,309.0,2026-02-03,2026-02-05,Pass,Ravi Kumar,OK after check,No,,,,,,,2.0,,2026-02-05,5.0
316,2025-11-09,Machining,MAC-05,Doraemon,Electrical,Breakdown,Medium,Working,Scheduled check,Pellakuru Nithya,No,Completed,310.0,2025-11-10,2025-11-12,Pass,Akhil Sharma,Confirmed defect,Yes,96.0,2025-11-13,2025-11-15,Pass,Akhil Sharma,Root cause confirmed,2.0,2.0,2025-11-15,6.0
317,2026-02-07,Machining,MAC-03,Doraemon,Quality,Calibration,High,Waiting,Safety guard issue,Nanda Bala,Yes,Completed,311.0,2026-02-08,2026-02-09,Pass,Narsiman Reddy,Confirmed defect,No,,,,,,,1.0,,2026-02-09,2.0
318,2025-07-31,Packaging,PAC-02,Pfauter,Electrical,Warranty Check,Low,Idle,Scheduled check,Tugluq Raj,No,Completed,312.0,2025-08-01,2025-08-03,Pass,Muhammed Anand,Needs follow-up,No,,,,,,,2.0,,2025-08-03,3.0
319,2026-06-30,Assembly,ASS-05,Nokia,Safety,Warranty Check,High,Idle,Unusual noise,Pellakuru Nithya,No,Rejected,313.0,2026-07-03,2026-07-04,Fail,Akhil Sharma,Minor issue fixed,Yes,97.0,2026-07-05,2026-07-05,Fail,Muhammed Anand,Root cause confirmed,1.0,0.0,2026-07-05,5.0
320,2025-10-01,Assembly,ASS-05,Nokia,Preventive,Scheduled,Low,Idle,Unusual noise,Pellakuru Nithya,Yes,Completed,314.0,2025-10-04,2025-10-04,Pass,Dev Mehta,Needs follow-up,No,,,,,,,0.0,,2025-10-04,3.0
321,2026-05-19,Machining,MAC-04,Nokia,Electrical,Breakdown,High,Working,Unusual noise,Sri Varun,No,Completed,315.0,2026-05-20,2026-05-22,Pass,Vara Lakshmi,Minor issue fixed,No,,,,,,,2.0,,2026-05-22,3.0
322,2026-03-26,Assembly,ASS-02,Doraemon,Safety,Warranty Check,Medium,Working,Vibration detected,Raj Aravind,Yes,Rejected,316.0,2026-03-26,2026-03-28,Fail,Kadar Iyer,Needs follow-up,No,,,,,,,2.0,,2026-03-28,2.0
323,2026-08-09,Painting,PAI-05,Doraemon,Mechanical,Calibration,Low,Idle,Output defect reported,Janani Meena,No,Completed,317.0,2026-08-09,2026-08-09,Pass,Kadar Iyer,OK after check,No,,,,,,,0.0,,2026-08-09,0.0
324,2026-06-13,Packaging,PAC-04,Nokia,Safety,Audit Finding,High,Working,Scheduled check,Sri Varun,Yes,Completed,318.0,2026-06-16,2026-06-17,Pass,Ravi Kumar,Minor issue fixed,No,,,,,,,1.0,,2026-06-17,4.0
325,2025-04-03,Painting,PAI-04,Nokia,Preventive,Upgrade,High,Waiting,Vibration detected,Raj Aravind,Yes,Completed,319.0,2025-04-06,2025-04-06,Pass,Dev Mehta,OK after check,Yes,98.0,2025-04-08,2025-04-09,Pass,Muhammed Anand,Escalated to vendor,0.0,1.0,2025-04-09,6.0
326,2025-04-04,Testing,TES-01,Doraemon,Safety,Breakdown,Medium,Waiting,Output defect reported,Tugluq Raj,Yes,Completed,320.0,2025-04-07,2025-04-07,Pass,Narsiman Reddy,Minor issue fixed,No,,,,,,,0.0,,2025-04-07,3.0
327,2025-07-03,Machining,MAC-02,Dories,Safety,Complaint,High,Waiting,Output defect reported,Sri Varun,Yes,Completed,321.0,2025-07-03,2025-07-03,Pass,Ravi Kumar,Needs follow-up,No,,,,,,,0.0,,2025-07-03,0.0
328,2026-05-25,Assembly,ASS-04,Ninja,Mechanical,Calibration,Low,Working,Vibration detected,Nanda Bala,No,Rejected,322.0,2026-05-28,2026-05-29,Fail,Sri Priya,OK after check,Yes,99.0,2026-05-30,2026-06-01,Fail,Akhil Sharma,Escalated to vendor,1.0,2.0,2026-06-01,7.0
329,2025-08-01,Testing,TES-05,Motorola,Safety,Breakdown,High,Idle,Unusual noise,Sri Varun,Yes,In Progress,,,,,,,,,,,,,,,,,
330,2025-07-02,Assembly,ASS-04,Pfauter,Preventive,Calibration,Medium,Waiting,Vibration detected,Janani Meena,No,Completed,323.0,2025-07-04,2025-07-04,Fail,Narsiman Reddy,Needs follow-up,Yes,100.0,2025-07-06,2025-07-06,Pass,Kadar Iyer,Escalated to vendor,0.0,0.0,2025-07-06,4.0
331,2026-04-28,Assembly,ASS-03,Ninja,Safety,Complaint,Low,Waiting,Output defect reported,Nanda Bala,No,Completed,324.0,2026-04-28,2026-04-28,Pass,Sri Priya,Confirmed defect,No,,,,,,,0.0,,2026-04-28,0.0
332,2025-10-22,Testing,TES-05,Gleason,Preventive,Calibration,Medium,Waiting,Scheduled check,Tugluq Raj,No,Completed,325.0,2025-10-25,2025-10-27,Pass,Dev Mehta,Confirmed defect,No,,,,,,,2.0,,2025-10-27,5.0
333,2025-08-27,Machining,MAC-05,Motorola,Mechanical,Breakdown,High,Working,Unusual noise,Nanda Bala,No,Completed,326.0,2025-08-30,2025-08-31,Fail,Vara Lakshmi,OK after check,Yes,101.0,2025-09-03,2025-09-03,Pass,Akhil Sharma,Part replaced,1.0,0.0,2025-09-03,7.0
334,2025-11-04,Assembly,ASS-03,Ninja,Mechanical,Breakdown,Medium,Waiting,Scheduled check,Pellakuru Nithya,Yes,Completed,327.0,2025-11-04,2025-11-04,Fail,Dev Mehta,Confirmed defect,Yes,102.0,2025-11-05,2025-11-07,Pass,Muhammed Anand,Part replaced,0.0,2.0,2025-11-07,3.0
335,2026-07-04,Machining,MAC-04,Ninja,Quality,Upgrade,Medium,Idle,Safety guard issue,Sri Varun,No,Rejected,328.0,2026-07-06,2026-07-08,Fail,Vara Lakshmi,Needs follow-up,No,,,,,,,2.0,,2026-07-08,4.0
336,2025-06-02,Welding,WEL-01,Gleason,Quality,Upgrade,High,Waiting,Vibration detected,Raj Aravind,Yes,Completed,329.0,2025-06-02,2025-06-03,Pass,Narsiman Reddy,OK after check,No,,,,,,,1.0,,2025-06-03,1.0
337,2025-03-30,Welding,WEL-04,Gleason,Quality,Warranty Check,High,Working,Vibration detected,Sri Varun,Yes,Completed,330.0,2025-04-01,2025-04-01,Pass,Sri Priya,Confirmed defect,No,,,,,,,0.0,,2025-04-01,2.0
338,2026-05-10,Packaging,PAC-01,Nokia,Safety,Audit Finding,High,Waiting,Safety guard issue,Sri Varun,No,Rejected,331.0,2026-05-11,2026-05-11,Fail,Muhammed Anand,Minor issue fixed,No,,,,,,,0.0,,2026-05-11,1.0
339,2026-04-16,Testing,TES-01,Motorola,Mechanical,Complaint,Low,Idle,Safety guard issue,Kamala Devi,No,Completed,332.0,2026-04-16,2026-04-16,Pass,Akhil Sharma,OK after check,No,,,,,,,0.0,,2026-04-16,0.0
340,2025-08-03,Packaging,PAC-03,Gleason,Safety,Calibration,High,Working,Output defect reported,Kamala Devi,Yes,Completed,333.0,2025-08-04,2025-08-05,Pass,Vara Lakshmi,Needs follow-up,Yes,103.0,2025-08-08,2025-08-09,Pass,Akhil Sharma,Root cause confirmed,1.0,1.0,2025-08-09,6.0
341,2026-08-11,Testing,TES-03,Gleason,Preventive,Complaint,High,Waiting,Output defect reported,Akiran Suresh,Yes,In Progress,334.0,2026-08-11,2026-08-11,Fail,Ravi Kumar,OK after check,Yes,,,,,,,0.0,,2026-08-11,0.0
342,2025-07-03,Painting,PAI-04,Doraemon,Quality,Calibration,Low,Working,Scheduled check,Pellakuru Nithya,No,Completed,335.0,2025-07-03,2025-07-04,Pass,Sri Priya,Confirmed defect,No,,,,,,,1.0,,2025-07-04,1.0
343,2025-11-14,Assembly,ASS-04,Ninja,Quality,Audit Finding,Low,Idle,Vibration detected,Tugluq Raj,No,Completed,336.0,2025-11-16,2025-11-17,Pass,Narsiman Reddy,Needs follow-up,No,,,,,,,1.0,,2025-11-17,3.0
344,2025-01-31,Painting,PAI-04,Gleason,Quality,Audit Finding,High,Idle,Scheduled check,Pellakuru Nithya,Yes,Hold,337.0,2025-02-01,2025-02-03,Fail,Sri Priya,Confirmed defect,No,,,,,,,2.0,,2025-02-03,3.0
345,2025-11-30,Testing,TES-01,Ninja,Safety,Calibration,High,Working,Output defect reported,Raj Aravind,Yes,Completed,338.0,2025-12-01,2025-12-03,Fail,Kadar Iyer,OK after check,Yes,104.0,2025-12-05,2025-12-05,Pass,Kadar Iyer,Part replaced,2.0,0.0,2025-12-05,5.0
346,2026-07-12,Packaging,PAC-03,Doraemon,Mechanical,Upgrade,High,Waiting,Safety guard issue,Janani Meena,Yes,Completed,339.0,2026-07-15,2026-07-16,Pass,Dev Mehta,Minor issue fixed,No,,,,,,,1.0,,2026-07-16,4.0
347,2025-03-13,Welding,WEL-04,Ninja,Preventive,Warranty Check,Low,Working,Scheduled check,Janani Meena,No,Completed,340.0,2025-03-13,2025-03-13,Pass,Ravi Kumar,Minor issue fixed,Yes,105.0,2025-03-16,2025-03-16,Pass,Dev Mehta,Escalated to vendor,0.0,0.0,2025-03-16,3.0
348,2026-08-15,Welding,WEL-04,Doraemon,Safety,Complaint,High,Waiting,Scheduled check,Raj Aravind,No,In Progress,341.0,2026-08-15,2026-08-17,Pass,Kadar Iyer,Minor issue fixed,Yes,,,,,,,2.0,,2026-08-17,2.0
349,2026-01-14,Welding,WEL-01,Motorola,Preventive,Warranty Check,High,Working,Unusual noise,Sri Varun,No,Rejected,342.0,2026-01-15,2026-01-16,Fail,Kadar Iyer,Needs follow-up,No,,,,,,,1.0,,2026-01-16,2.0
350,2026-02-20,Testing,TES-04,Nokia,Electrical,Audit Finding,Low,Idle,Vibration detected,Raj Aravind,No,Completed,343.0,2026-02-22,2026-02-23,Pass,Muhammed Anand,OK after check,Yes,106.0,2026-02-24,2026-02-26,Pass,Ravi Kumar,Root cause confirmed,1.0,2.0,2026-02-26,6.0
351,2026-03-24,Testing,TES-04,Motorola,Electrical,Upgrade,High,Working,Output defect reported,Raj Aravind,Yes,Rejected,344.0,2026-03-27,2026-03-29,Fail,Dev Mehta,Confirmed defect,Yes,107.0,2026-03-31,2026-03-31,Fail,Muhammed Anand,Part replaced,2.0,0.0,2026-03-31,7.0
352,2026-08-15,Packaging,PAC-01,Nokia,Preventive,Complaint,Low,Working,Safety guard issue,Pellakuru Nithya,Yes,In Progress,,,,,,,,,,,,,,,,,
353,2025-04-26,Painting,PAI-03,Motorola,Electrical,Upgrade,Low,Waiting,Safety guard issue,Sri Varun,No,Completed,345.0,2025-04-26,2025-04-28,Pass,Sri Priya,Minor issue fixed,No,,,,,,,2.0,,2025-04-28,2.0
354,2026-07-07,Painting,PAI-01,Pfauter,Mechanical,Complaint,Medium,Waiting,Unusual noise,Janani Meena,No,Completed,346.0,2026-07-10,2026-07-12,Pass,Kadar Iyer,Needs follow-up,No,,,,,,,2.0,,2026-07-12,5.0
355,2025-06-21,Welding,WEL-03,Doraemon,Safety,Upgrade,Low,Waiting,Scheduled check,Akiran Suresh,No,In Progress,347.0,2025-06-21,2025-06-23,Fail,Ravi Kumar,Needs follow-up,Yes,,,,,,,2.0,,2025-06-23,2.0
356,2025-05-10,Painting,PAI-01,Gleason,Electrical,Calibration,Medium,Working,Scheduled check,Sri Varun,Yes,Completed,348.0,2025-05-10,2025-05-12,Pass,Dev Mehta,Needs follow-up,Yes,108.0,2025-05-13,2025-05-14,Pass,Vara Lakshmi,Part replaced,2.0,1.0,2025-05-14,4.0
357,2025-02-03,Machining,MAC-05,Nokia,Preventive,Warranty Check,High,Idle,Output defect reported,Raj Aravind,No,Completed,349.0,2025-02-04,2025-02-06,Pass,Muhammed Anand,Minor issue fixed,No,,,,,,,2.0,,2025-02-06,3.0
358,2025-02-25,Packaging,PAC-03,Motorola,Electrical,Audit Finding,High,Working,Output defect reported,Sri Varun,Yes,Completed,350.0,2025-02-26,2025-02-27,Pass,Kadar Iyer,Confirmed defect,No,,,,,,,1.0,,2025-02-27,2.0
359,2026-06-28,Welding,WEL-02,Gleason,Quality,Audit Finding,High,Waiting,Scheduled check,Akiran Suresh,Yes,Rejected,351.0,2026-06-30,2026-07-01,Fail,Akhil Sharma,Needs follow-up,No,,,,,,,1.0,,2026-07-01,3.0
360,2025-04-11,Welding,WEL-03,Dories,Quality,Warranty Check,Low,Waiting,Vibration detected,Nanda Bala,No,Completed,352.0,2025-04-12,2025-04-13,Pass,Ravi Kumar,OK after check,No,,,,,,,1.0,,2025-04-13,2.0
361,2025-04-11,Assembly,ASS-04,Dories,Safety,Scheduled,Low,Waiting,Scheduled check,Sri Varun,Yes,Completed,353.0,2025-04-11,2025-04-13,Pass,Sri Priya,OK after check,Yes,109.0,2025-04-14,2025-04-16,Pass,Muhammed Anand,Part replaced,2.0,2.0,2025-04-16,5.0
362,2025-07-09,Testing,TES-05,Nokia,Safety,Complaint,Low,Working,Unusual noise,Janani Meena,No,Rejected,354.0,2025-07-11,2025-07-12,Fail,Narsiman Reddy,Needs follow-up,No,,,,,,,1.0,,2025-07-12,3.0
363,2025-10-11,Machining,MAC-01,Dories,Safety,Breakdown,Medium,Working,Scheduled check,Tugluq Raj,Yes,Completed,355.0,2025-10-14,2025-10-14,Pass,Muhammed Anand,Confirmed defect,No,,,,,,,0.0,,2025-10-14,3.0
364,2026-07-08,Assembly,ASS-02,Pfauter,Mechanical,Audit Finding,High,Waiting,Scheduled check,Kamala Devi,Yes,Completed,356.0,2026-07-08,2026-07-10,Pass,Dev Mehta,OK after check,No,,,,,,,2.0,,2026-07-10,2.0
365,2025-01-01,Painting,PAI-02,Dories,Safety,Scheduled,Low,Waiting,Scheduled check,Raj Aravind,No,Rejected,357.0,2025-01-04,2025-01-05,Fail,Sri Priya,Minor issue fixed,Yes,110.0,2025-01-06,2025-01-07,Fail,Dev Mehta,Root cause confirmed,1.0,1.0,2025-01-07,6.0
366,2026-01-03,Packaging,PAC-05,Dories,Mechanical,Upgrade,Medium,Waiting,Unusual noise,Pellakuru Nithya,No,Completed,358.0,2026-01-05,2026-01-05,Pass,Akhil Sharma,Minor issue fixed,No,,,,,,,0.0,,2026-01-05,2.0
367,2025-02-10,Machining,MAC-05,Nokia,Safety,Upgrade,Low,Working,Unusual noise,Pellakuru Nithya,No,Rejected,359.0,2025-02-13,2025-02-15,Fail,Ravi Kumar,Minor issue fixed,Yes,111.0,2025-02-16,2025-02-18,Fail,Vara Lakshmi,Part replaced,2.0,2.0,2025-02-18,8.0
368,2026-07-08,Painting,PAI-01,Pfauter,Quality,Breakdown,Medium,Idle,Scheduled check,Akiran Suresh,Yes,Completed,360.0,2026-07-08,2026-07-09,Fail,Muhammed Anand,Minor issue fixed,Yes,112.0,2026-07-10,2026-07-10,Pass,Muhammed Anand,Part replaced,1.0,0.0,2026-07-10,2.0
369,2026-04-28,Testing,TES-01,Motorola,Electrical,Upgrade,Low,Waiting,Vibration detected,Akiran Suresh,Yes,Rejected,361.0,2026-04-28,2026-04-29,Fail,Sri Priya,Confirmed defect,No,,,,,,,1.0,,2026-04-29,1.0
370,2025-03-07,Packaging,PAC-02,Motorola,Quality,Calibration,High,Waiting,Vibration detected,Kamala Devi,No,Completed,362.0,2025-03-10,2025-03-11,Pass,Kadar Iyer,Needs follow-up,No,,,,,,,1.0,,2025-03-11,4.0
371,2026-07-13,Assembly,ASS-05,Ninja,Mechanical,Calibration,High,Idle,Scheduled check,Kamala Devi,Yes,Completed,363.0,2026-07-14,2026-07-15,Fail,Muhammed Anand,Confirmed defect,Yes,113.0,2026-07-16,2026-07-18,Pass,Ravi Kumar,Root cause confirmed,1.0,2.0,2026-07-18,5.0
372,2026-01-21,Assembly,ASS-05,Dories,Mechanical,Breakdown,High,Idle,Vibration detected,Kamala Devi,No,Completed,364.0,2026-01-23,2026-01-24,Pass,Dev Mehta,Minor issue fixed,No,,,,,,,1.0,,2026-01-24,3.0
373,2025-10-05,Machining,MAC-02,Nokia,Electrical,Calibration,Medium,Waiting,Unusual noise,Tugluq Raj,No,Completed,365.0,2025-10-05,2025-10-07,Pass,Akhil Sharma,Needs follow-up,No,,,,,,,2.0,,2025-10-07,2.0
374,2026-07-26,Painting,PAI-01,Pfauter,Mechanical,Calibration,High,Working,Safety guard issue,Nanda Bala,Yes,Completed,366.0,2026-07-27,2026-07-28,Pass,Muhammed Anand,Confirmed defect,Yes,114.0,2026-07-30,2026-07-30,Pass,Muhammed Anand,Escalated to vendor,1.0,0.0,2026-07-30,4.0
375,2026-01-08,Assembly,ASS-01,Gleason,Safety,Calibration,Medium,Working,Unusual noise,Kamala Devi,No,Completed,367.0,2026-01-09,2026-01-09,Pass,Dev Mehta,OK after check,No,,,,,,,0.0,,2026-01-09,1.0
376,2026-04-01,Assembly,ASS-02,Dories,Electrical,Upgrade,Medium,Waiting,Scheduled check,Nanda Bala,No,Completed,368.0,2026-04-03,2026-04-03,Fail,Vara Lakshmi,Confirmed defect,Yes,115.0,2026-04-04,2026-04-04,Pass,Dev Mehta,Escalated to vendor,0.0,0.0,2026-04-04,3.0
377,2026-03-23,Painting,PAI-01,Dories,Electrical,Audit Finding,Low,Working,Vibration detected,Janani Meena,No,Completed,369.0,2026-03-25,2026-03-26,Pass,Ravi Kumar,OK after check,Yes,116.0,2026-03-28,2026-03-28,Pass,Sri Priya,Part replaced,1.0,0.0,2026-03-28,5.0
378,2025-06-25,Painting,PAI-04,Gleason,Preventive,Scheduled,High,Waiting,Safety guard issue,Tugluq Raj,Yes,Completed,370.0,2025-06-26,2025-06-26,Pass,Dev Mehta,Minor issue fixed,No,,,,,,,0.0,,2025-06-26,1.0
379,2026-04-19,Packaging,PAC-04,Dories,Electrical,Scheduled,Low,Working,Output defect reported,Nanda Bala,No,Completed,371.0,2026-04-20,2026-04-22,Pass,Kadar Iyer,OK after check,No,,,,,,,2.0,,2026-04-22,3.0
380,2026-06-01,Assembly,ASS-04,Dories,Quality,Warranty Check,Low,Waiting,Unusual noise,Janani Meena,No,In Progress,,,,,,,,,,,,,,,,,
381,2025-08-12,Assembly,ASS-04,Nokia,Mechanical,Breakdown,Medium,Working,Scheduled check,Tugluq Raj,No,Completed,372.0,2025-08-12,2025-08-13,Pass,Muhammed Anand,Confirmed defect,No,,,,,,,1.0,,2025-08-13,1.0
382,2026-04-21,Machining,MAC-03,Ninja,Mechanical,Audit Finding,High,Waiting,Scheduled check,Akiran Suresh,Yes,Completed,373.0,2026-04-23,2026-04-25,Pass,Vara Lakshmi,OK after check,No,,,,,,,2.0,,2026-04-25,4.0
383,2025-02-26,Packaging,PAC-03,Gleason,Mechanical,Breakdown,Low,Working,Scheduled check,Janani Meena,No,Completed,374.0,2025-02-28,2025-03-01,Pass,Vara Lakshmi,Minor issue fixed,Yes,117.0,2025-03-03,2025-03-03,Pass,Sri Priya,Escalated to vendor,1.0,0.0,2025-03-03,5.0
384,2025-08-03,Painting,PAI-05,Gleason,Safety,Complaint,High,Waiting,Output defect reported,Sri Varun,Yes,Completed,375.0,2025-08-05,2025-08-06,Pass,Sri Priya,Confirmed defect,No,,,,,,,1.0,,2025-08-06,3.0
385,2026-06-30,Testing,TES-05,Pfauter,Safety,Warranty Check,Medium,Waiting,Unusual noise,Nanda Bala,No,Rejected,376.0,2026-07-03,2026-07-03,Fail,Muhammed Anand,Needs follow-up,Yes,118.0,2026-07-04,2026-07-04,Fail,Muhammed Anand,Part replaced,0.0,0.0,2026-07-04,4.0
386,2026-05-24,Assembly,ASS-02,Pfauter,Mechanical,Complaint,High,Working,Safety guard issue,Tugluq Raj,Yes,Completed,377.0,2026-05-27,2026-05-28,Pass,Ravi Kumar,Needs follow-up,No,,,,,,,1.0,,2026-05-28,4.0
387,2025-01-23,Machining,MAC-01,Ninja,Preventive,Upgrade,High,Working,Output defect reported,Pellakuru Nithya,No,Rejected,378.0,2025-01-25,2025-01-26,Fail,Dev Mehta,Confirmed defect,No,,,,,,,1.0,,2025-01-26,3.0
388,2025-05-16,Welding,WEL-05,Nokia,Safety,Scheduled,Medium,Working,Scheduled check,Sri Varun,No,Rejected,379.0,2025-05-16,2025-05-16,Fail,Dev Mehta,Minor issue fixed,Yes,119.0,2025-05-19,2025-05-19,Fail,Akhil Sharma,Root cause confirmed,0.0,0.0,2025-05-19,3.0
389,2025-06-15,Machining,MAC-02,Gleason,Preventive,Scheduled,High,Working,Scheduled check,Pellakuru Nithya,Yes,Completed,380.0,2025-06-15,2025-06-17,Pass,Narsiman Reddy,Minor issue fixed,No,,,,,,,2.0,,2025-06-17,2.0
390,2026-07-07,Welding,WEL-04,Gleason,Mechanical,Breakdown,Low,Working,Output defect reported,Tugluq Raj,No,Rejected,381.0,2026-07-09,2026-07-09,Fail,Narsiman Reddy,Needs follow-up,Yes,120.0,2026-07-11,2026-07-12,Fail,Muhammed Anand,Escalated to vendor,0.0,1.0,2026-07-12,5.0
391,2025-12-13,Testing,TES-04,Dories,Mechanical,Scheduled,Low,Waiting,Safety guard issue,Kamala Devi,No,Completed,382.0,2025-12-16,2025-12-18,Pass,Dev Mehta,Needs follow-up,No,,,,,,,2.0,,2025-12-18,5.0
392,2025-02-26,Assembly,ASS-03,Pfauter,Preventive,Scheduled,High,Working,Vibration detected,Akiran Suresh,Yes,Completed,383.0,2025-03-01,2025-03-03,Pass,Sri Priya,Confirmed defect,No,,,,,,,2.0,,2025-03-03,5.0
393,2025-11-22,Machining,MAC-04,Motorola,Safety,Audit Finding,Low,Idle,Output defect reported,Pellakuru Nithya,No,Completed,384.0,2025-11-22,2025-11-23,Pass,Akhil Sharma,Confirmed defect,No,,,,,,,1.0,,2025-11-23,1.0
394,2025-08-09,Packaging,PAC-01,Doraemon,Quality,Warranty Check,Medium,Working,Scheduled check,Tugluq Raj,No,Completed,385.0,2025-08-12,2025-08-14,Pass,Muhammed Anand,OK after check,No,,,,,,,2.0,,2025-08-14,5.0
395,2025-11-07,Machining,MAC-02,Gleason,Mechanical,Calibration,Low,Working,Unusual noise,Akiran Suresh,No,Completed,386.0,2025-11-09,2025-11-10,Fail,Muhammed Anand,Minor issue fixed,Yes,121.0,2025-11-11,2025-11-12,Pass,Akhil Sharma,Escalated to vendor,1.0,1.0,2025-11-12,5.0
396,2025-11-06,Painting,PAI-01,Dories,Preventive,Upgrade,Medium,Working,Vibration detected,Akiran Suresh,No,Completed,387.0,2025-11-07,2025-11-08,Pass,Dev Mehta,OK after check,No,,,,,,,1.0,,2025-11-08,2.0
397,2026-03-04,Testing,TES-03,Doraemon,Electrical,Breakdown,Low,Idle,Scheduled check,Janani Meena,No,Completed,388.0,2026-03-04,2026-03-06,Pass,Dev Mehta,Confirmed defect,No,,,,,,,2.0,,2026-03-06,2.0
398,2025-05-03,Welding,WEL-04,Pfauter,Mechanical,Warranty Check,Low,Working,Vibration detected,Akiran Suresh,Yes,Completed,389.0,2025-05-06,2025-05-08,Pass,Ravi Kumar,Needs follow-up,Yes,122.0,2025-05-10,2025-05-11,Pass,Narsiman Reddy,Root cause confirmed,2.0,1.0,2025-05-11,8.0
399,2026-06-27,Welding,WEL-03,Pfauter,Electrical,Warranty Check,High,Waiting,Vibration detected,Kamala Devi,Yes,Completed,390.0,2026-06-28,2026-06-30,Pass,Narsiman Reddy,Needs follow-up,No,,,,,,,2.0,,2026-06-30,3.0
400,2025-04-09,Welding,WEL-03,Ninja,Electrical,Breakdown,Medium,Idle,Safety guard issue,Sri Varun,Yes,Completed,391.0,2025-04-12,2025-04-13,Pass,Muhammed Anand,OK after check,No,,,,,,,1.0,,2025-04-13,4.0
401,2026-05-31,Machining,MAC-02,Ninja,Preventive,Calibration,High,Waiting,Safety guard issue,Kamala Devi,Yes,Completed,392.0,2026-05-31,2026-05-31,Pass,Ravi Kumar,Confirmed defect,No,,,,,,,0.0,,2026-05-31,0.0
402,2026-01-07,Welding,WEL-03,Pfauter,Preventive,Warranty Check,Medium,Working,Vibration detected,Sri Varun,Yes,Completed,393.0,2026-01-07,2026-01-07,Pass,Vara Lakshmi,Needs follow-up,Yes,123.0,2026-01-08,2026-01-08,Pass,Muhammed Anand,Root cause confirmed,0.0,0.0,2026-01-08,1.0
403,2025-03-21,Painting,PAI-01,Ninja,Quality,Breakdown,Medium,Idle,Unusual noise,Akiran Suresh,No,In Progress,394.0,2025-03-21,2025-03-22,Pass,Akhil Sharma,OK after check,Yes,,,,,,,1.0,,2025-03-22,1.0
404,2025-01-11,Assembly,ASS-03,Pfauter,Electrical,Calibration,High,Idle,Vibration detected,Pellakuru Nithya,Yes,Completed,395.0,2025-01-12,2025-01-14,Pass,Narsiman Reddy,Needs follow-up,No,,,,,,,2.0,,2025-01-14,3.0
405,2025-09-05,Machining,MAC-05,Motorola,Preventive,Warranty Check,High,Idle,Safety guard issue,Nanda Bala,No,Completed,396.0,2025-09-07,2025-09-07,Pass,Ravi Kumar,OK after check,No,,,,,,,0.0,,2025-09-07,2.0
406,2026-05-02,Machining,MAC-05,Nokia,Quality,Upgrade,Low,Idle,Vibration detected,Pellakuru Nithya,No,Completed,397.0,2026-05-05,2026-05-05,Pass,Kadar Iyer,OK after check,No,,,,,,,0.0,,2026-05-05,3.0
407,2026-04-23,Welding,WEL-01,Dories,Safety,Upgrade,High,Working,Safety guard issue,Akiran Suresh,Yes,Completed,398.0,2026-04-26,2026-04-26,Pass,Dev Mehta,Needs follow-up,No,,,,,,,0.0,,2026-04-26,3.0
408,2025-08-20,Testing,TES-04,Ninja,Quality,Scheduled,Medium,Idle,Output defect reported,Pellakuru Nithya,Yes,Completed,399.0,2025-08-23,2025-08-25,Fail,Sri Priya,OK after check,Yes,124.0,2025-08-26,2025-08-27,Pass,Kadar Iyer,Escalated to vendor,2.0,1.0,2025-08-27,7.0
409,2025-06-22,Packaging,PAC-01,Gleason,Electrical,Calibration,High,Working,Unusual noise,Nanda Bala,No,Hold,400.0,2025-06-25,2025-06-26,Fail,Akhil Sharma,Confirmed defect,No,,,,,,,1.0,,2025-06-26,4.0
410,2026-02-19,Welding,WEL-04,Gleason,Electrical,Warranty Check,Low,Working,Unusual noise,Kamala Devi,No,Rejected,401.0,2026-02-22,2026-02-22,Fail,Muhammed Anand,OK after check,No,,,,,,,0.0,,2026-02-22,3.0
411,2025-03-11,Assembly,ASS-01,Nokia,Quality,Calibration,High,Waiting,Scheduled check,Tugluq Raj,Yes,Completed,402.0,2025-03-11,2025-03-11,Pass,Dev Mehta,Confirmed defect,No,,,,,,,0.0,,2025-03-11,0.0
412,2026-05-25,Machining,MAC-03,Pfauter,Safety,Warranty Check,Medium,Waiting,Safety guard issue,Akiran Suresh,No,Completed,403.0,2026-05-25,2026-05-26,Pass,Sri Priya,Confirmed defect,No,,,,,,,1.0,,2026-05-26,1.0
413,2026-01-21,Painting,PAI-03,Motorola,Electrical,Calibration,High,Waiting,Scheduled check,Tugluq Raj,Yes,Completed,404.0,2026-01-22,2026-01-23,Pass,Dev Mehta,OK after check,No,,,,,,,1.0,,2026-01-23,2.0
414,2026-07-22,Packaging,PAC-04,Dories,Quality,Calibration,Low,Idle,Safety guard issue,Akiran Suresh,No,Completed,405.0,2026-07-25,2026-07-27,Pass,Narsiman Reddy,Needs follow-up,No,,,,,,,2.0,,2026-07-27,5.0
415,2025-01-29,Welding,WEL-01,Ninja,Safety,Complaint,High,Waiting,Safety guard issue,Akiran Suresh,No,Completed,406.0,2025-01-31,2025-02-01,Fail,Narsiman Reddy,Confirmed defect,Yes,125.0,2025-02-03,2025-02-03,Pass,Vara Lakshmi,Root cause confirmed,1.0,0.0,2025-02-03,5.0
416,2025-03-28,Machining,MAC-03,Ninja,Safety,Breakdown,High,Working,Vibration detected,Akiran Suresh,Yes,Rejected,407.0,2025-03-28,2025-03-29,Fail,Kadar Iyer,Confirmed defect,No,,,,,,,1.0,,2025-03-29,1.0
417,2026-04-26,Welding,WEL-01,Dories,Preventive,Audit Finding,Medium,Working,Safety guard issue,Kamala Devi,No,Completed,408.0,2026-04-26,2026-04-28,Pass,Narsiman Reddy,Confirmed defect,No,,,,,,,2.0,,2026-04-28,2.0
418,2025-06-20,Packaging,PAC-03,Dories,Electrical,Audit Finding,Medium,Waiting,Unusual noise,Nanda Bala,Yes,Completed,409.0,2025-06-20,2025-06-21,Pass,Kadar Iyer,Minor issue fixed,No,,,,,,,1.0,,2025-06-21,1.0
419,2026-08-16,Packaging,PAC-01,Gleason,Mechanical,Calibration,Medium,Waiting,Output defect reported,Raj Aravind,Yes,Open,,,,,,,,,,,,,,,,,
420,2026-06-01,Assembly,ASS-03,Doraemon,Preventive,Complaint,Medium,Idle,Output defect reported,Raj Aravind,Yes,Completed,410.0,2026-06-04,2026-06-06,Pass,Muhammed Anand,OK after check,No,,,,,,,2.0,,2026-06-06,5.0
421,2025-07-11,Testing,TES-05,Doraemon,Quality,Complaint,High,Waiting,Safety guard issue,Raj Aravind,No,Completed,411.0,2025-07-11,2025-07-13,Fail,Muhammed Anand,Minor issue fixed,Yes,126.0,2025-07-14,2025-07-16,Pass,Akhil Sharma,Part replaced,2.0,2.0,2025-07-16,5.0
422,2025-03-07,Painting,PAI-03,Gleason,Safety,Upgrade,Medium,Idle,Scheduled check,Nanda Bala,Yes,Completed,412.0,2025-03-07,2025-03-07,Pass,Akhil Sharma,Confirmed defect,Yes,127.0,2025-03-09,2025-03-11,Pass,Kadar Iyer,Part replaced,0.0,2.0,2025-03-11,4.0
423,2025-07-26,Testing,TES-01,Motorola,Safety,Warranty Check,High,Working,Safety guard issue,Tugluq Raj,Yes,Completed,413.0,2025-07-26,2025-07-28,Pass,Ravi Kumar,OK after check,No,,,,,,,2.0,,2025-07-28,2.0
424,2025-11-02,Assembly,ASS-03,Gleason,Mechanical,Audit Finding,Medium,Waiting,Vibration detected,Nanda Bala,Yes,Rejected,414.0,2025-11-02,2025-11-04,Fail,Akhil Sharma,Confirmed defect,No,,,,,,,2.0,,2025-11-04,2.0
425,2025-05-06,Assembly,ASS-02,Gleason,Preventive,Upgrade,Medium,Working,Vibration detected,Raj Aravind,Yes,Completed,415.0,2025-05-06,2025-05-06,Fail,Dev Mehta,Confirmed defect,Yes,128.0,2025-05-08,2025-05-10,Pass,Ravi Kumar,Part replaced,0.0,2.0,2025-05-10,4.0
426,2025-04-26,Packaging,PAC-03,Dories,Electrical,Complaint,Medium,Idle,Scheduled check,Janani Meena,No,Completed,416.0,2025-04-28,2025-04-28,Pass,Ravi Kumar,OK after check,No,,,,,,,0.0,,2025-04-28,2.0
427,2025-09-17,Testing,TES-02,Doraemon,Safety,Warranty Check,Medium,Waiting,Unusual noise,Nanda Bala,No,Completed,417.0,2025-09-20,2025-09-20,Pass,Kadar Iyer,Needs follow-up,No,,,,,,,0.0,,2025-09-20,3.0
428,2025-08-30,Welding,WEL-01,Dories,Safety,Warranty Check,High,Waiting,Output defect reported,Akiran Suresh,Yes,Completed,418.0,2025-08-30,2025-08-31,Pass,Kadar Iyer,Needs follow-up,No,,,,,,,1.0,,2025-08-31,1.0
429,2025-04-13,Testing,TES-04,Gleason,Preventive,Breakdown,Low,Working,Output defect reported,Pellakuru Nithya,No,Completed,419.0,2025-04-13,2025-04-13,Pass,Muhammed Anand,Confirmed defect,No,,,,,,,0.0,,2025-04-13,0.0
430,2025-01-04,Testing,TES-02,Gleason,Safety,Calibration,Low,Idle,Unusual noise,Tugluq Raj,Yes,Completed,420.0,2025-01-05,2025-01-07,Pass,Narsiman Reddy,Confirmed defect,No,,,,,,,2.0,,2025-01-07,3.0
431,2025-09-24,Painting,PAI-02,Ninja,Safety,Warranty Check,Low,Working,Vibration detected,Kamala Devi,No,Completed,421.0,2025-09-25,2025-09-26,Pass,Vara Lakshmi,OK after check,No,,,,,,,1.0,,2025-09-26,2.0
432,2025-08-23,Assembly,ASS-05,Nokia,Safety,Upgrade,Medium,Idle,Unusual noise,Raj Aravind,No,Rejected,422.0,2025-08-25,2025-08-25,Fail,Narsiman Reddy,Minor issue fixed,Yes,129.0,2025-08-28,2025-08-28,Fail,Ravi Kumar,Escalated to vendor,0.0,0.0,2025-08-28,5.0
433,2026-04-10,Packaging,PAC-04,Motorola,Electrical,Upgrade,Medium,Idle,Vibration detected,Sri Varun,Yes,Completed,423.0,2026-04-13,2026-04-14,Pass,Vara Lakshmi,Needs follow-up,Yes,130.0,2026-04-17,2026-04-19,Pass,Vara Lakshmi,Part replaced,1.0,2.0,2026-04-19,9.0
434,2025-05-30,Machining,MAC-04,Nokia,Preventive,Audit Finding,Medium,Idle,Scheduled check,Janani Meena,Yes,In Progress,424.0,2025-06-01,2025-06-03,Fail,Vara Lakshmi,Confirmed defect,Yes,,,,,,,2.0,,2025-06-03,4.0
435,2025-09-20,Testing,TES-04,Motorola,Mechanical,Complaint,Low,Idle,Output defect reported,Pellakuru Nithya,No,Hold,425.0,2025-09-20,2025-09-20,Fail,Akhil Sharma,Confirmed defect,No,,,,,,,0.0,,2025-09-20,0.0
436,2026-01-15,Welding,WEL-04,Motorola,Preventive,Scheduled,Low,Working,Vibration detected,Janani Meena,No,Completed,426.0,2026-01-18,2026-01-18,Fail,Muhammed Anand,Needs follow-up,Yes,131.0,2026-01-19,2026-01-20,Pass,Ravi Kumar,Root cause confirmed,0.0,1.0,2026-01-20,5.0
437,2026-01-05,Painting,PAI-03,Gleason,Preventive,Warranty Check,Medium,Working,Safety guard issue,Pellakuru Nithya,Yes,Rejected,427.0,2026-01-06,2026-01-07,Fail,Dev Mehta,Minor issue fixed,No,,,,,,,1.0,,2026-01-07,2.0
438,2025-02-24,Packaging,PAC-04,Nokia,Electrical,Breakdown,High,Working,Scheduled check,Tugluq Raj,No,Completed,428.0,2025-02-27,2025-02-27,Pass,Dev Mehta,OK after check,No,,,,,,,0.0,,2025-02-27,3.0
439,2026-07-29,Painting,PAI-03,Motorola,Electrical,Breakdown,Medium,Working,Unusual noise,Nanda Bala,No,Completed,429.0,2026-07-30,2026-07-30,Pass,Akhil Sharma,Minor issue fixed,No,,,,,,,0.0,,2026-07-30,1.0
440,2026-06-23,Packaging,PAC-01,Dories,Mechanical,Scheduled,High,Working,Unusual noise,Pellakuru Nithya,Yes,Completed,430.0,2026-06-23,2026-06-24,Pass,Sri Priya,Needs follow-up,No,,,,,,,1.0,,2026-06-24,1.0
441,2025-03-25,Machining,MAC-01,Doraemon,Quality,Audit Finding,Low,Waiting,Scheduled check,Akiran Suresh,No,Completed,431.0,2025-03-25,2025-03-27,Pass,Dev Mehta,Needs follow-up,No,,,,,,,2.0,,2025-03-27,2.0
442,2025-05-13,Testing,TES-05,Ninja,Safety,Complaint,High,Idle,Unusual noise,Raj Aravind,Yes,Completed,432.0,2025-05-15,2025-05-15,Fail,Sri Priya,OK after check,Yes,132.0,2025-05-16,2025-05-16,Pass,Kadar Iyer,Part replaced,0.0,0.0,2025-05-16,3.0
443,2025-05-04,Welding,WEL-02,Doraemon,Safety,Upgrade,Medium,Waiting,Vibration detected,Pellakuru Nithya,No,Completed,433.0,2025-05-06,2025-05-08,Fail,Kadar Iyer,Confirmed defect,Yes,133.0,2025-05-10,2025-05-12,Pass,Kadar Iyer,Root cause confirmed,2.0,2.0,2025-05-12,8.0
444,2025-07-10,Painting,PAI-03,Motorola,Mechanical,Calibration,Medium,Working,Output defect reported,Nanda Bala,No,Completed,434.0,2025-07-11,2025-07-12,Pass,Sri Priya,Needs follow-up,No,,,,,,,1.0,,2025-07-12,2.0
445,2025-03-23,Painting,PAI-04,Gleason,Electrical,Scheduled,Medium,Waiting,Scheduled check,Nanda Bala,No,Rejected,435.0,2025-03-25,2025-03-27,Fail,Sri Priya,OK after check,Yes,134.0,2025-03-30,2025-03-30,Fail,Kadar Iyer,Part replaced,2.0,0.0,2025-03-30,7.0
446,2026-08-06,Assembly,ASS-04,Gleason,Preventive,Breakdown,Medium,Waiting,Unusual noise,Kamala Devi,No,Completed,436.0,2026-08-09,2026-08-09,Pass,Kadar Iyer,OK after check,No,,,,,,,0.0,,2026-08-09,3.0
447,2025-11-01,Assembly,ASS-04,Dories,Quality,Calibration,Low,Working,Scheduled check,Tugluq Raj,Yes,Completed,437.0,2025-11-01,2025-11-03,Pass,Akhil Sharma,OK after check,No,,,,,,,2.0,,2025-11-03,2.0
448,2025-01-19,Painting,PAI-05,Motorola,Electrical,Upgrade,High,Working,Output defect reported,Raj Aravind,No,In Progress,438.0,2025-01-22,2025-01-23,Fail,Kadar Iyer,Needs follow-up,Yes,,,,,,,1.0,,2025-01-23,4.0
449,2025-05-19,Assembly,ASS-02,Ninja,Mechanical,Upgrade,High,Idle,Unusual noise,Nanda Bala,Yes,In Progress,,,,,,,,,,,,,,,,,
450,2026-07-06,Machining,MAC-04,Ninja,Quality,Scheduled,Medium,Working,Output defect reported,Akiran Suresh,Yes,Completed,439.0,2026-07-07,2026-07-09,Pass,Dev Mehta,Confirmed defect,No,,,,,,,2.0,,2026-07-09,3.0
451,2026-08-23,Assembly,ASS-04,Pfauter,Quality,Breakdown,Medium,Working,Unusual noise,Kamala Devi,No,Open,,,,,,,,,,,,,,,,,
452,2026-03-02,Testing,TES-04,Pfauter,Preventive,Upgrade,Low,Waiting,Scheduled check,Akiran Suresh,No,Completed,440.0,2026-03-05,2026-03-07,Pass,Dev Mehta,Minor issue fixed,No,,,,,,,2.0,,2026-03-07,5.0
453,2026-06-25,Testing,TES-01,Gleason,Preventive,Breakdown,Low,Working,Output defect reported,Janani Meena,Yes,In Progress,441.0,2026-06-27,2026-06-28,Fail,Ravi Kumar,Minor issue fixed,Yes,,,,,,,1.0,,2026-06-28,3.0
454,2026-04-26,Welding,WEL-02,Pfauter,Electrical,Calibration,High,Waiting,Scheduled check,Janani Meena,Yes,Completed,442.0,2026-04-28,2026-04-30,Pass,Kadar Iyer,Needs follow-up,No,,,,,,,2.0,,2026-04-30,4.0
455,2025-08-01,Painting,PAI-02,Motorola,Quality,Scheduled,Low,Idle,Vibration detected,Tugluq Raj,No,Completed,443.0,2025-08-01,2025-08-02,Pass,Dev Mehta,Needs follow-up,No,,,,,,,1.0,,2025-08-02,1.0
456,2026-07-25,Machining,MAC-02,Gleason,Safety,Complaint,High,Waiting,Vibration detected,Tugluq Raj,No,In Progress,444.0,2026-07-25,2026-07-25,Fail,Kadar Iyer,OK after check,Yes,,,,,,,0.0,,2026-07-25,0.0
457,2025-05-04,Packaging,PAC-02,Gleason,Safety,Warranty Check,Medium,Working,Unusual noise,Sri Varun,No,Completed,445.0,2025-05-04,2025-05-06,Fail,Dev Mehta,OK after check,Yes,135.0,2025-05-07,2025-05-09,Pass,Sri Priya,Escalated to vendor,2.0,2.0,2025-05-09,5.0
458,2025-04-18,Assembly,ASS-05,Ninja,Electrical,Complaint,High,Idle,Scheduled check,Janani Meena,No,Completed,446.0,2025-04-21,2025-04-23,Pass,Muhammed Anand,Needs follow-up,No,,,,,,,2.0,,2025-04-23,5.0
459,2025-05-06,Welding,WEL-02,Dories,Mechanical,Scheduled,Medium,Working,Scheduled check,Sri Varun,No,Completed,447.0,2025-05-06,2025-05-07,Pass,Kadar Iyer,Needs follow-up,No,,,,,,,1.0,,2025-05-07,1.0
460,2025-06-05,Testing,TES-02,Dories,Electrical,Scheduled,Low,Working,Output defect reported,Raj Aravind,No,Completed,448.0,2025-06-07,2025-06-07,Pass,Ravi Kumar,OK after check,No,,,,,,,0.0,,2025-06-07,2.0
461,2025-11-19,Assembly,ASS-03,Dories,Mechanical,Audit Finding,High,Idle,Vibration detected,Akiran Suresh,No,Completed,449.0,2025-11-21,2025-11-22,Pass,Akhil Sharma,Needs follow-up,No,,,,,,,1.0,,2025-11-22,3.0
462,2025-10-14,Welding,WEL-01,Nokia,Quality,Audit Finding,Low,Waiting,Vibration detected,Janani Meena,No,Rejected,450.0,2025-10-17,2025-10-17,Fail,Sri Priya,OK after check,No,,,,,,,0.0,,2025-10-17,3.0
463,2026-02-04,Packaging,PAC-03,Nokia,Preventive,Calibration,Low,Working,Vibration detected,Kamala Devi,No,Completed,451.0,2026-02-06,2026-02-08,Pass,Muhammed Anand,OK after check,No,,,,,,,2.0,,2026-02-08,4.0
464,2025-09-22,Assembly,ASS-05,Doraemon,Quality,Calibration,Medium,Idle,Unusual noise,Pellakuru Nithya,Yes,Completed,452.0,2025-09-24,2025-09-24,Pass,Dev Mehta,Needs follow-up,Yes,136.0,2025-09-27,2025-09-29,Pass,Ravi Kumar,Part replaced,0.0,2.0,2025-09-29,7.0
465,2026-08-19,Welding,WEL-02,Doraemon,Preventive,Warranty Check,Low,Waiting,Vibration detected,Pellakuru Nithya,No,Completed,453.0,2026-08-20,2026-08-22,Pass,Vara Lakshmi,OK after check,No,,,,,,,2.0,,2026-08-22,3.0
466,2026-08-20,Welding,WEL-05,Dories,Mechanical,Scheduled,Medium,Waiting,Output defect reported,Raj Aravind,Yes,Open,,,,,,,,,,,,,,,,,
467,2025-05-14,Assembly,ASS-04,Motorola,Safety,Upgrade,Medium,Waiting,Output defect reported,Raj Aravind,No,Completed,454.0,2025-05-17,2025-05-19,Pass,Dev Mehta,Confirmed defect,No,,,,,,,2.0,,2025-05-19,5.0
468,2025-06-16,Testing,TES-04,Dories,Quality,Scheduled,High,Waiting,Safety guard issue,Kamala Devi,No,Completed,455.0,2025-06-19,2025-06-20,Pass,Narsiman Reddy,OK after check,Yes,137.0,2025-06-23,2025-06-24,Pass,Sri Priya,Root cause confirmed,1.0,1.0,2025-06-24,8.0
469,2025-10-24,Welding,WEL-05,Motorola,Safety,Complaint,High,Working,Scheduled check,Sri Varun,Yes,In Progress,456.0,2025-10-25,2025-10-27,Fail,Ravi Kumar,Needs follow-up,Yes,,,,,,,2.0,,2025-10-27,3.0
470,2025-07-07,Welding,WEL-02,Motorola,Mechanical,Calibration,Medium,Working,Unusual noise,Akiran Suresh,Yes,Completed,457.0,2025-07-09,2025-07-11,Pass,Narsiman Reddy,Confirmed defect,No,,,,,,,2.0,,2025-07-11,4.0
471,2025-05-16,Painting,PAI-05,Doraemon,Quality,Warranty Check,Low,Working,Output defect reported,Tugluq Raj,No,Completed,458.0,2025-05-18,2025-05-18,Pass,Kadar Iyer,Confirmed defect,No,,,,,,,0.0,,2025-05-18,2.0
472,2025-12-14,Machining,MAC-04,Dories,Safety,Upgrade,Low,Idle,Vibration detected,Akiran Suresh,No,Completed,459.0,2025-12-16,2025-12-18,Pass,Sri Priya,Minor issue fixed,No,,,,,,,2.0,,2025-12-18,4.0
473,2026-08-14,Packaging,PAC-05,Pfauter,Electrical,Warranty Check,Low,Working,Safety guard issue,Akiran Suresh,Yes,Completed,460.0,2026-08-15,2026-08-15,Pass,Vara Lakshmi,Confirmed defect,Yes,138.0,2026-08-16,2026-08-18,Pass,Narsiman Reddy,Part replaced,0.0,2.0,2026-08-18,4.0
474,2026-05-19,Packaging,PAC-01,Gleason,Quality,Scheduled,High,Working,Unusual noise,Pellakuru Nithya,Yes,Rejected,461.0,2026-05-19,2026-05-19,Fail,Muhammed Anand,Needs follow-up,No,,,,,,,0.0,,2026-05-19,0.0
475,2025-09-19,Machining,MAC-02,Gleason,Quality,Upgrade,High,Idle,Unusual noise,Pellakuru Nithya,Yes,Completed,462.0,2025-09-19,2025-09-20,Pass,Narsiman Reddy,Minor issue fixed,No,,,,,,,1.0,,2025-09-20,1.0
476,2025-09-22,Painting,PAI-03,Motorola,Electrical,Scheduled,High,Waiting,Safety guard issue,Nanda Bala,Yes,Completed,463.0,2025-09-25,2025-09-25,Fail,Dev Mehta,Confirmed defect,Yes,139.0,2025-09-26,2025-09-27,Pass,Ravi Kumar,Part replaced,0.0,1.0,2025-09-27,5.0
477,2025-01-20,Testing,TES-02,Doraemon,Mechanical,Scheduled,Low,Waiting,Vibration detected,Sri Varun,No,Completed,464.0,2025-01-23,2025-01-23,Pass,Vara Lakshmi,Minor issue fixed,No,,,,,,,0.0,,2025-01-23,3.0
478,2025-06-22,Welding,WEL-05,Dories,Preventive,Audit Finding,Low,Idle,Unusual noise,Janani Meena,No,Completed,465.0,2025-06-24,2025-06-26,Pass,Ravi Kumar,OK after check,No,,,,,,,2.0,,2025-06-26,4.0
479,2025-09-14,Painting,PAI-03,Gleason,Electrical,Calibration,Medium,Waiting,Scheduled check,Akiran Suresh,Yes,Completed,466.0,2025-09-14,2025-09-15,Pass,Muhammed Anand,Needs follow-up,Yes,140.0,2025-09-17,2025-09-17,Pass,Narsiman Reddy,Escalated to vendor,1.0,0.0,2025-09-17,3.0
480,2026-04-09,Welding,WEL-03,Gleason,Safety,Scheduled,Low,Working,Safety guard issue,Pellakuru Nithya,Yes,Completed,467.0,2026-04-10,2026-04-12,Pass,Dev Mehta,OK after check,No,,,,,,,2.0,,2026-04-12,3.0
481,2026-02-28,Assembly,ASS-02,Doraemon,Quality,Warranty Check,Low,Working,Safety guard issue,Kamala Devi,No,Completed,468.0,2026-02-28,2026-03-02,Fail,Sri Priya,Needs follow-up,Yes,141.0,2026-03-04,2026-03-06,Pass,Narsiman Reddy,Part replaced,2.0,2.0,2026-03-06,6.0
482,2025-05-08,Machining,MAC-01,Dories,Mechanical,Scheduled,High,Waiting,Unusual noise,Sri Varun,No,Completed,469.0,2025-05-10,2025-05-10,Fail,Vara Lakshmi,Minor issue fixed,Yes,142.0,2025-05-12,2025-05-13,Pass,Ravi Kumar,Part replaced,0.0,1.0,2025-05-13,5.0
483,2025-08-03,Painting,PAI-05,Dories,Mechanical,Warranty Check,Low,Working,Safety guard issue,Janani Meena,Yes,In Progress,,,,,,,,,,,,,,,,,
484,2026-08-02,Testing,TES-05,Nokia,Mechanical,Scheduled,Low,Working,Safety guard issue,Nanda Bala,No,Completed,470.0,2026-08-04,2026-08-04,Pass,Ravi Kumar,Needs follow-up,No,,,,,,,0.0,,2026-08-04,2.0
485,2026-04-10,Testing,TES-05,Doraemon,Mechanical,Warranty Check,Medium,Working,Output defect reported,Raj Aravind,Yes,In Progress,471.0,2026-04-13,2026-04-14,Fail,Ravi Kumar,Minor issue fixed,Yes,,,,,,,1.0,,2026-04-14,4.0
486,2026-03-07,Assembly,ASS-03,Motorola,Quality,Scheduled,Medium,Working,Unusual noise,Akiran Suresh,No,Completed,472.0,2026-03-08,2026-03-10,Pass,Sri Priya,Minor issue fixed,No,,,,,,,2.0,,2026-03-10,3.0
487,2025-12-04,Machining,MAC-02,Doraemon,Mechanical,Breakdown,Low,Working,Output defect reported,Akiran Suresh,No,Completed,473.0,2025-12-06,2025-12-07,Fail,Vara Lakshmi,Needs follow-up,Yes,143.0,2025-12-08,2025-12-09,Pass,Vara Lakshmi,Root cause confirmed,1.0,1.0,2025-12-09,5.0
488,2026-03-26,Packaging,PAC-05,Dories,Preventive,Breakdown,Low,Idle,Unusual noise,Akiran Suresh,No,Completed,474.0,2026-03-26,2026-03-26,Fail,Ravi Kumar,Needs follow-up,Yes,144.0,2026-03-29,2026-03-31,Pass,Kadar Iyer,Root cause confirmed,0.0,2.0,2026-03-31,5.0
489,2026-07-27,Assembly,ASS-01,Dories,Mechanical,Calibration,Medium,Working,Vibration detected,Akiran Suresh,No,Hold,475.0,2026-07-30,2026-07-31,Fail,Sri Priya,Needs follow-up,No,,,,,,,1.0,,2026-07-31,4.0
490,2026-04-10,Testing,TES-01,Nokia,Mechanical,Breakdown,Low,Idle,Safety guard issue,Kamala Devi,No,Completed,476.0,2026-04-11,2026-04-13,Fail,Narsiman Reddy,Confirmed defect,Yes,145.0,2026-04-15,2026-04-17,Pass,Dev Mehta,Root cause confirmed,2.0,2.0,2026-04-17,7.0
491,2025-02-15,Machining,MAC-02,Pfauter,Quality,Calibration,Medium,Waiting,Scheduled check,Sri Varun,No,Hold,477.0,2025-02-16,2025-02-16,Fail,Dev Mehta,Needs follow-up,No,,,,,,,0.0,,2025-02-16,1.0
492,2025-10-26,Packaging,PAC-03,Pfauter,Preventive,Upgrade,High,Waiting,Vibration detected,Akiran Suresh,Yes,Completed,478.0,2025-10-26,2025-10-27,Pass,Vara Lakshmi,Minor issue fixed,No,,,,,,,1.0,,2025-10-27,1.0
493,2025-07-13,Assembly,ASS-03,Doraemon,Quality,Calibration,Low,Waiting,Scheduled check,Pellakuru Nithya,No,Completed,479.0,2025-07-16,2025-07-17,Fail,Ravi Kumar,Confirmed defect,Yes,146.0,2025-07-18,2025-07-18,Pass,Vara Lakshmi,Escalated to vendor,1.0,0.0,2025-07-18,5.0
494,2025-08-07,Machining,MAC-04,Ninja,Safety,Warranty Check,Low,Waiting,Output defect reported,Nanda Bala,No,Completed,480.0,2025-08-07,2025-08-08,Fail,Ravi Kumar,OK after check,Yes,147.0,2025-08-09,2025-08-10,Pass,Dev Mehta,Root cause confirmed,1.0,1.0,2025-08-10,3.0
495,2026-01-04,Testing,TES-05,Nokia,Electrical,Complaint,High,Idle,Vibration detected,Sri Varun,No,In Progress,,,,,,,,,,,,,,,,,
496,2025-07-02,Packaging,PAC-02,Ninja,Safety,Breakdown,High,Idle,Vibration detected,Raj Aravind,No,Completed,481.0,2025-07-02,2025-07-03,Pass,Akhil Sharma,Confirmed defect,No,,,,,,,1.0,,2025-07-03,1.0
497,2026-01-17,Machining,MAC-03,Ninja,Preventive,Audit Finding,Low,Waiting,Unusual noise,Kamala Devi,Yes,Completed,482.0,2026-01-18,2026-01-18,Fail,Narsiman Reddy,Needs follow-up,Yes,148.0,2026-01-21,2026-01-22,Pass,Vara Lakshmi,Root cause confirmed,0.0,1.0,2026-01-22,5.0
498,2025-07-13,Packaging,PAC-05,Ninja,Electrical,Complaint,Medium,Idle,Unusual noise,Sri Varun,No,Rejected,483.0,2025-07-16,2025-07-16,Fail,Dev Mehta,OK after check,No,,,,,,,0.0,,2025-07-16,3.0
499,2026-02-02,Machining,MAC-05,Ninja,Preventive,Complaint,Low,Working,Safety guard issue,Janani Meena,Yes,Completed,484.0,2026-02-04,2026-02-06,Pass,Dev Mehta,Confirmed defect,No,,,,,,,2.0,,2026-02-06,4.0
500,2026-02-15,Welding,WEL-05,Doraemon,Mechanical,Scheduled,Low,Idle,Vibration detected,Janani Meena,No,Completed,485.0,2026-02-18,2026-02-18,Pass,Kadar Iyer,Minor issue fixed,No,,,,,,,0.0,,2026-02-18,3.0
501,2026-07-18,Welding,WEL-03,Gleason,Quality,Calibration,High,Working,Vibration detected,Akiran Suresh,Yes,Hold,486.0,2026-07-20,2026-07-21,Fail,Dev Mehta,Confirmed defect,No,,,,,,,1.0,,2026-07-21,3.0
502,2026-01-12,Painting,PAI-04,Gleason,Quality,Breakdown,Medium,Idle,Output defect reported,Nanda Bala,Yes,Completed,487.0,2026-01-12,2026-01-13,Pass,Akhil Sharma,OK after check,No,,,,,,,1.0,,2026-01-13,1.0
503,2025-04-11,Welding,WEL-02,Motorola,Preventive,Scheduled,Medium,Working,Vibration detected,Pellakuru Nithya,Yes,Completed,488.0,2025-04-13,2025-04-13,Pass,Muhammed Anand,Needs follow-up,No,,,,,,,0.0,,2025-04-13,2.0
504,2025-10-16,Assembly,ASS-03,Dories,Preventive,Warranty Check,Medium,Waiting,Unusual noise,Janani Meena,No,Completed,489.0,2025-10-17,2025-10-18,Pass,Dev Mehta,Minor issue fixed,Yes,149.0,2025-10-21,2025-10-23,Pass,Dev Mehta,Escalated to vendor,1.0,2.0,2025-10-23,7.0
505,2025-03-29,Painting,PAI-03,Dories,Quality,Scheduled,High,Working,Output defect reported,Akiran Suresh,Yes,Completed,490.0,2025-03-30,2025-03-31,Pass,Ravi Kumar,Confirmed defect,No,,,,,,,1.0,,2025-03-31,2.0
506,2025-12-14,Testing,TES-03,Doraemon,Quality,Warranty Check,Medium,Waiting,Safety guard issue,Sri Varun,Yes,Completed,491.0,2025-12-14,2025-12-16,Pass,Muhammed Anand,Minor issue fixed,No,,,,,,,2.0,,2025-12-16,2.0
507,2026-08-11,Welding,WEL-05,Nokia,Quality,Breakdown,Medium,Waiting,Output defect reported,Nanda Bala,No,Hold,492.0,2026-08-13,2026-08-15,Fail,Dev Mehta,Needs follow-up,No,,,,,,,2.0,,2026-08-15,4.0
508,2025-04-17,Assembly,ASS-02,Motorola,Preventive,Audit Finding,High,Idle,Vibration detected,Nanda Bala,Yes,Completed,493.0,2025-04-20,2025-04-21,Fail,Sri Priya,Confirmed defect,Yes,150.0,2025-04-22,2025-04-23,Pass,Ravi Kumar,Root cause confirmed,1.0,1.0,2025-04-23,6.0
509,2026-02-05,Welding,WEL-04,Nokia,Preventive,Audit Finding,High,Working,Unusual noise,Raj Aravind,No,Completed,494.0,2026-02-06,2026-02-06,Pass,Akhil Sharma,Confirmed defect,No,,,,,,,0.0,,2026-02-06,1.0
510,2025-06-12,Testing,TES-04,Pfauter,Electrical,Calibration,Medium,Waiting,Output defect reported,Sri Varun,Yes,Completed,495.0,2025-06-13,2025-06-14,Fail,Vara Lakshmi,Needs follow-up,Yes,151.0,2025-06-17,2025-06-18,Pass,Dev Mehta,Part replaced,1.0,1.0,2025-06-18,6.0
511,2025-04-04,Packaging,PAC-01,Gleason,Safety,Audit Finding,Medium,Waiting,Vibration detected,Raj Aravind,Yes,Completed,496.0,2025-04-07,2025-04-08,Pass,Muhammed Anand,OK after check,No,,,,,,,1.0,,2025-04-08,4.0
512,2025-09-03,Painting,PAI-01,Gleason,Preventive,Complaint,High,Waiting,Unusual noise,Nanda Bala,No,Rejected,497.0,2025-09-06,2025-09-08,Fail,Narsiman Reddy,OK after check,Yes,152.0,2025-09-09,2025-09-11,Fail,Narsiman Reddy,Part replaced,2.0,2.0,2025-09-11,8.0
513,2025-09-16,Painting,PAI-02,Dories,Mechanical,Breakdown,High,Waiting,Output defect reported,Raj Aravind,Yes,Completed,498.0,2025-09-19,2025-09-19,Pass,Ravi Kumar,Needs follow-up,No,,,,,,,0.0,,2025-09-19,3.0
514,2025-12-01,Assembly,ASS-02,Dories,Quality,Breakdown,Medium,Idle,Safety guard issue,Nanda Bala,No,Completed,499.0,2025-12-04,2025-12-04,Pass,Akhil Sharma,Minor issue fixed,No,,,,,,,0.0,,2025-12-04,3.0
515,2025-04-13,Machining,MAC-01,Pfauter,Quality,Scheduled,High,Idle,Unusual noise,Sri Varun,Yes,Completed,500.0,2025-04-15,2025-04-15,Pass,Vara Lakshmi,Confirmed defect,Yes,153.0,2025-04-18,2025-04-18,Pass,Sri Priya,Part replaced,0.0,0.0,2025-04-18,5.0
516,2026-03-31,Testing,TES-03,Motorola,Quality,Warranty Check,High,Idle,Vibration detected,Pellakuru Nithya,No,Hold,501.0,2026-04-01,2026-04-01,Fail,Ravi Kumar,Confirmed defect,No,,,,,,,0.0,,2026-04-01,1.0
517,2025-12-12,Assembly,ASS-01,Doraemon,Mechanical,Scheduled,Low,Idle,Vibration detected,Tugluq Raj,Yes,Completed,502.0,2025-12-12,2025-12-13,Pass,Vara Lakshmi,Minor issue fixed,No,,,,,,,1.0,,2025-12-13,1.0
518,2026-03-15,Packaging,PAC-04,Motorola,Safety,Complaint,High,Idle,Unusual noise,Raj Aravind,No,Completed,503.0,2026-03-15,2026-03-16,Pass,Sri Priya,Needs follow-up,Yes,154.0,2026-03-19,2026-03-21,Pass,Narsiman Reddy,Root cause confirmed,1.0,2.0,2026-03-21,6.0
519,2026-02-25,Assembly,ASS-02,Dories,Mechanical,Upgrade,Low,Waiting,Safety guard issue,Tugluq Raj,No,Completed,504.0,2026-02-25,2026-02-27,Pass,Kadar Iyer,Minor issue fixed,No,,,,,,,2.0,,2026-02-27,2.0
520,2025-11-22,Welding,WEL-02,Dories,Mechanical,Complaint,Low,Idle,Safety guard issue,Janani Meena,No,Rejected,505.0,2025-11-23,2025-11-25,Fail,Ravi Kumar,Minor issue fixed,No,,,,,,,2.0,,2025-11-25,3.0
521,2025-05-08,Assembly,ASS-05,Dories,Electrical,Calibration,Low,Idle,Unusual noise,Tugluq Raj,No,Completed,506.0,2025-05-10,2025-05-10,Pass,Ravi Kumar,Minor issue fixed,Yes,155.0,2025-05-13,2025-05-15,Pass,Dev Mehta,Escalated to vendor,0.0,2.0,2025-05-15,7.0
522,2025-10-12,Welding,WEL-02,Pfauter,Quality,Upgrade,High,Working,Unusual noise,Nanda Bala,No,Completed,507.0,2025-10-14,2025-10-15,Pass,Vara Lakshmi,Minor issue fixed,Yes,156.0,2025-10-18,2025-10-19,Pass,Narsiman Reddy,Root cause confirmed,1.0,1.0,2025-10-19,7.0
523,2025-03-08,Painting,PAI-01,Nokia,Mechanical,Upgrade,High,Idle,Vibration detected,Tugluq Raj,Yes,Rejected,508.0,2025-03-09,2025-03-09,Fail,Kadar Iyer,Confirmed defect,No,,,,,,,0.0,,2025-03-09,1.0
524,2025-07-22,Welding,WEL-02,Pfauter,Electrical,Complaint,High,Working,Safety guard issue,Janani Meena,No,Completed,509.0,2025-07-23,2025-07-24,Pass,Dev Mehta,OK after check,No,,,,,,,1.0,,2025-07-24,2.0
525,2026-01-22,Welding,WEL-04,Dories,Preventive,Calibration,Medium,Waiting,Output defect reported,Tugluq Raj,No,Completed,510.0,2026-01-25,2026-01-25,Pass,Kadar Iyer,OK after check,No,,,,,,,0.0,,2026-01-25,3.0
526,2026-07-05,Welding,WEL-05,Nokia,Safety,Audit Finding,Low,Working,Scheduled check,Janani Meena,No,Completed,511.0,2026-07-08,2026-07-08,Pass,Dev Mehta,Minor issue fixed,No,,,,,,,0.0,,2026-07-08,3.0
527,2025-01-05,Machining,MAC-02,Doraemon,Safety,Audit Finding,Low,Working,Output defect reported,Raj Aravind,No,In Progress,,,,,,,,,,,,,,,,,
528,2025-03-14,Painting,PAI-03,Motorola,Quality,Calibration,High,Idle,Vibration detected,Raj Aravind,No,Completed,512.0,2025-03-16,2025-03-18,Pass,Narsiman Reddy,OK after check,No,,,,,,,2.0,,2025-03-18,4.0
529,2026-03-11,Testing,TES-04,Dories,Mechanical,Warranty Check,High,Working,Unusual noise,Tugluq Raj,Yes,Completed,513.0,2026-03-14,2026-03-16,Pass,Muhammed Anand,OK after check,Yes,157.0,2026-03-17,2026-03-17,Pass,Kadar Iyer,Part replaced,2.0,0.0,2026-03-17,6.0
530,2025-03-24,Testing,TES-05,Dories,Electrical,Warranty Check,High,Working,Scheduled check,Sri Varun,Yes,Completed,514.0,2025-03-27,2025-03-29,Pass,Kadar Iyer,OK after check,No,,,,,,,2.0,,2025-03-29,5.0
531,2025-12-19,Assembly,ASS-05,Doraemon,Electrical,Upgrade,Medium,Working,Scheduled check,Akiran Suresh,No,Completed,515.0,2025-12-22,2025-12-22,Fail,Kadar Iyer,Needs follow-up,Yes,158.0,2025-12-25,2025-12-26,Pass,Muhammed Anand,Root cause confirmed,0.0,1.0,2025-12-26,7.0
532,2025-05-18,Welding,WEL-02,Pfauter,Mechanical,Audit Finding,High,Waiting,Vibration detected,Tugluq Raj,Yes,Completed,516.0,2025-05-19,2025-05-19,Fail,Dev Mehta,OK after check,Yes,159.0,2025-05-22,2025-05-22,Pass,Sri Priya,Part replaced,0.0,0.0,2025-05-22,4.0
533,2025-05-08,Assembly,ASS-04,Motorola,Preventive,Scheduled,Medium,Working,Output defect reported,Kamala Devi,Yes,Completed,517.0,2025-05-10,2025-05-10,Pass,Ravi Kumar,OK after check,No,,,,,,,0.0,,2025-05-10,2.0
534,2025-01-08,Machining,MAC-05,Ninja,Safety,Audit Finding,Low,Working,Scheduled check,Raj Aravind,No,Completed,518.0,2025-01-10,2025-01-11,Pass,Narsiman Reddy,Confirmed defect,No,,,,,,,1.0,,2025-01-11,3.0
535,2025-02-28,Painting,PAI-05,Ninja,Mechanical,Breakdown,Medium,Working,Output defect reported,Tugluq Raj,Yes,Rejected,519.0,2025-02-28,2025-03-02,Fail,Vara Lakshmi,Needs follow-up,Yes,160.0,2025-03-04,2025-03-06,Fail,Dev Mehta,Escalated to vendor,2.0,2.0,2025-03-06,6.0
536,2025-01-04,Painting,PAI-02,Motorola,Safety,Warranty Check,Medium,Idle,Scheduled check,Janani Meena,Yes,Rejected,520.0,2025-01-07,2025-01-08,Fail,Sri Priya,Needs follow-up,No,,,,,,,1.0,,2025-01-08,4.0
537,2025-04-13,Painting,PAI-04,Pfauter,Electrical,Upgrade,Medium,Idle,Safety guard issue,Akiran Suresh,Yes,Completed,521.0,2025-04-13,2025-04-14,Pass,Dev Mehta,Minor issue fixed,No,,,,,,,1.0,,2025-04-14,1.0
538,2026-05-09,Painting,PAI-01,Nokia,Electrical,Scheduled,High,Waiting,Unusual noise,Kamala Devi,Yes,Completed,522.0,2026-05-09,2026-05-09,Pass,Narsiman Reddy,Confirmed defect,No,,,,,,,0.0,,2026-05-09,0.0
539,2025-09-21,Welding,WEL-02,Motorola,Electrical,Calibration,Low,Waiting,Output defect reported,Kamala Devi,No,Completed,523.0,2025-09-23,2025-09-23,Pass,Sri Priya,Needs follow-up,No,,,,,,,0.0,,2025-09-23,2.0
540,2026-07-30,Painting,PAI-04,Ninja,Electrical,Scheduled,Medium,Working,Unusual noise,Sri Varun,Yes,Rejected,524.0,2026-07-30,2026-07-31,Fail,Vara Lakshmi,OK after check,No,,,,,,,1.0,,2026-07-31,1.0
541,2025-05-11,Packaging,PAC-03,Pfauter,Mechanical,Complaint,Medium,Idle,Safety guard issue,Nanda Bala,No,Rejected,525.0,2025-05-14,2025-05-15,Fail,Muhammed Anand,Minor issue fixed,No,,,,,,,1.0,,2025-05-15,4.0
542,2025-01-10,Assembly,ASS-04,Gleason,Electrical,Warranty Check,Medium,Working,Vibration detected,Janani Meena,No,Completed,526.0,2025-01-11,2025-01-13,Pass,Narsiman Reddy,Needs follow-up,Yes,161.0,2025-01-16,2025-01-18,Pass,Sri Priya,Part replaced,2.0,2.0,2025-01-18,8.0
543,2026-05-05,Testing,TES-05,Dories,Safety,Upgrade,High,Working,Unusual noise,Pellakuru Nithya,Yes,Completed,527.0,2026-05-06,2026-05-08,Pass,Vara Lakshmi,OK after check,No,,,,,,,2.0,,2026-05-08,3.0
544,2026-02-06,Machining,MAC-04,Ninja,Electrical,Breakdown,Low,Waiting,Output defect reported,Pellakuru Nithya,No,Completed,528.0,2026-02-09,2026-02-10,Pass,Kadar Iyer,OK after check,No,,,,,,,1.0,,2026-02-10,4.0
545,2025-10-17,Packaging,PAC-03,Doraemon,Preventive,Audit Finding,High,Idle,Vibration detected,Pellakuru Nithya,No,Completed,529.0,2025-10-17,2025-10-19,Pass,Muhammed Anand,Minor issue fixed,No,,,,,,,2.0,,2025-10-19,2.0
546,2025-10-26,Painting,PAI-04,Nokia,Electrical,Upgrade,High,Waiting,Unusual noise,Pellakuru Nithya,No,Rejected,530.0,2025-10-26,2025-10-28,Fail,Muhammed Anand,Confirmed defect,No,,,,,,,2.0,,2025-10-28,2.0
547,2025-02-27,Painting,PAI-02,Nokia,Mechanical,Breakdown,Medium,Waiting,Scheduled check,Raj Aravind,No,Hold,531.0,2025-03-02,2025-03-02,Fail,Ravi Kumar,OK after check,No,,,,,,,0.0,,2025-03-02,3.0
548,2026-05-16,Machining,MAC-04,Nokia,Quality,Warranty Check,Low,Waiting,Unusual noise,Janani Meena,No,Completed,532.0,2026-05-19,2026-05-20,Pass,Dev Mehta,Needs follow-up,No,,,,,,,1.0,,2026-05-20,4.0
549,2025-04-30,Assembly,ASS-01,Doraemon,Preventive,Scheduled,Medium,Idle,Safety guard issue,Janani Meena,Yes,Hold,533.0,2025-04-30,2025-05-02,Fail,Muhammed Anand,Confirmed defect,No,,,,,,,2.0,,2025-05-02,2.0
550,2025-11-02,Painting,PAI-04,Gleason,Mechanical,Upgrade,High,Waiting,Vibration detected,Raj Aravind,No,Completed,534.0,2025-11-02,2025-11-03,Pass,Dev Mehta,OK after check,No,,,,,,,1.0,,2025-11-03,1.0
551,2026-07-06,Packaging,PAC-05,Motorola,Electrical,Upgrade,Low,Idle,Vibration detected,Tugluq Raj,Yes,Completed,535.0,2026-07-09,2026-07-10,Pass,Vara Lakshmi,Minor issue fixed,Yes,162.0,2026-07-11,2026-07-13,Pass,Akhil Sharma,Root cause confirmed,1.0,2.0,2026-07-13,7.0
552,2026-06-03,Assembly,ASS-01,Nokia,Quality,Upgrade,Low,Idle,Vibration detected,Sri Varun,Yes,Completed,536.0,2026-06-05,2026-06-07,Pass,Muhammed Anand,Confirmed defect,No,,,,,,,2.0,,2026-06-07,4.0
553,2026-06-20,Testing,TES-03,Pfauter,Preventive,Calibration,Medium,Idle,Unusual noise,Akiran Suresh,Yes,Rejected,537.0,2026-06-21,2026-06-21,Fail,Vara Lakshmi,Minor issue fixed,Yes,163.0,2026-06-24,2026-06-26,Fail,Vara Lakshmi,Escalated to vendor,0.0,2.0,2026-06-26,6.0
554,2025-05-12,Welding,WEL-03,Motorola,Preventive,Complaint,Medium,Working,Output defect reported,Tugluq Raj,Yes,Completed,538.0,2025-05-12,2025-05-13,Pass,Muhammed Anand,Minor issue fixed,No,,,,,,,1.0,,2025-05-13,1.0
555,2025-07-17,Assembly,ASS-03,Doraemon,Preventive,Calibration,Low,Idle,Output defect reported,Tugluq Raj,No,Completed,539.0,2025-07-20,2025-07-21,Pass,Sri Priya,Needs follow-up,Yes,164.0,2025-07-22,2025-07-24,Pass,Sri Priya,Escalated to vendor,1.0,2.0,2025-07-24,7.0
556,2025-03-09,Packaging,PAC-04,Gleason,Safety,Warranty Check,High,Working,Vibration detected,Nanda Bala,Yes,Completed,540.0,2025-03-09,2025-03-10,Pass,Vara Lakshmi,Confirmed defect,No,,,,,,,1.0,,2025-03-10,1.0
557,2025-06-29,Assembly,ASS-01,Pfauter,Quality,Breakdown,Medium,Waiting,Scheduled check,Sri Varun,No,Completed,541.0,2025-06-29,2025-06-29,Fail,Muhammed Anand,Needs follow-up,Yes,165.0,2025-07-02,2025-07-04,Pass,Kadar Iyer,Part replaced,0.0,2.0,2025-07-04,5.0
558,2025-09-23,Packaging,PAC-02,Doraemon,Electrical,Upgrade,Low,Idle,Vibration detected,Raj Aravind,No,In Progress,,,,,,,,,,,,,,,,,
559,2025-09-13,Testing,TES-03,Doraemon,Quality,Scheduled,Medium,Working,Scheduled check,Janani Meena,No,Completed,542.0,2025-09-15,2025-09-16,Pass,Vara Lakshmi,Needs follow-up,No,,,,,,,1.0,,2025-09-16,3.0
560,2025-11-09,Testing,TES-01,Ninja,Mechanical,Upgrade,Medium,Idle,Unusual noise,Nanda Bala,No,Completed,543.0,2025-11-10,2025-11-12,Fail,Dev Mehta,OK after check,Yes,166.0,2025-11-14,2025-11-16,Pass,Muhammed Anand,Part replaced,2.0,2.0,2025-11-16,7.0
561,2026-06-30,Painting,PAI-05,Motorola,Preventive,Scheduled,Medium,Waiting,Unusual noise,Raj Aravind,No,Completed,544.0,2026-07-02,2026-07-02,Pass,Ravi Kumar,Confirmed defect,No,,,,,,,0.0,,2026-07-02,2.0
562,2025-08-19,Machining,MAC-05,Ninja,Electrical,Calibration,Medium,Working,Unusual noise,Raj Aravind,No,Completed,545.0,2025-08-20,2025-08-21,Pass,Narsiman Reddy,Minor issue fixed,No,,,,,,,1.0,,2025-08-21,2.0
563,2025-10-25,Packaging,PAC-01,Gleason,Electrical,Breakdown,Medium,Waiting,Safety guard issue,Raj Aravind,Yes,Completed,546.0,2025-10-27,2025-10-29,Pass,Ravi Kumar,Confirmed defect,No,,,,,,,2.0,,2025-10-29,4.0
564,2025-02-28,Packaging,PAC-04,Dories,Safety,Complaint,Low,Working,Unusual noise,Akiran Suresh,No,Completed,547.0,2025-03-01,2025-03-02,Pass,Sri Priya,Confirmed defect,No,,,,,,,1.0,,2025-03-02,2.0
565,2025-03-28,Painting,PAI-02,Dories,Mechanical,Audit Finding,High,Idle,Vibration detected,Sri Varun,Yes,Completed,548.0,2025-03-31,2025-04-01,Fail,Muhammed Anand,Needs follow-up,Yes,167.0,2025-04-02,2025-04-03,Pass,Dev Mehta,Root cause confirmed,1.0,1.0,2025-04-03,6.0
566,2026-03-21,Machining,MAC-03,Nokia,Mechanical,Scheduled,Low,Working,Unusual noise,Tugluq Raj,No,In Progress,549.0,2026-03-21,2026-03-21,Pass,Dev Mehta,Needs follow-up,Yes,,,,,,,0.0,,2026-03-21,0.0
567,2026-05-16,Assembly,ASS-04,Doraemon,Electrical,Complaint,Low,Working,Safety guard issue,Raj Aravind,Yes,Completed,550.0,2026-05-16,2026-05-16,Fail,Ravi Kumar,Minor issue fixed,Yes,168.0,2026-05-17,2026-05-19,Pass,Narsiman Reddy,Part replaced,0.0,2.0,2026-05-19,3.0
568,2026-03-21,Packaging,PAC-01,Dories,Mechanical,Warranty Check,Medium,Working,Vibration detected,Tugluq Raj,No,Completed,551.0,2026-03-22,2026-03-22,Pass,Akhil Sharma,Minor issue fixed,Yes,169.0,2026-03-25,2026-03-26,Pass,Vara Lakshmi,Part replaced,0.0,1.0,2026-03-26,5.0
569,2026-05-30,Testing,TES-01,Ninja,Preventive,Upgrade,High,Waiting,Vibration detected,Nanda Bala,Yes,Completed,552.0,2026-06-02,2026-06-02,Pass,Muhammed Anand,Confirmed defect,Yes,170.0,2026-06-03,2026-06-05,Pass,Vara Lakshmi,Root cause confirmed,0.0,2.0,2026-06-05,6.0
570,2026-02-22,Assembly,ASS-04,Doraemon,Electrical,Scheduled,Low,Working,Output defect reported,Janani Meena,Yes,Completed,553.0,2026-02-25,2026-02-27,Pass,Akhil Sharma,Needs follow-up,Yes,171.0,2026-03-01,2026-03-02,Pass,Kadar Iyer,Root cause confirmed,2.0,1.0,2026-03-02,8.0
571,2025-07-06,Welding,WEL-01,Doraemon,Safety,Scheduled,High,Working,Output defect reported,Sri Varun,No,In Progress,,,,,,,,,,,,,,,,,
572,2026-05-19,Machining,MAC-03,Motorola,Mechanical,Upgrade,Medium,Idle,Safety guard issue,Tugluq Raj,Yes,Completed,554.0,2026-05-21,2026-05-23,Pass,Narsiman Reddy,Minor issue fixed,No,,,,,,,2.0,,2026-05-23,4.0
573,2025-08-04,Testing,TES-03,Motorola,Electrical,Upgrade,High,Waiting,Safety guard issue,Kamala Devi,Yes,Completed,555.0,2025-08-05,2025-08-05,Pass,Sri Priya,OK after check,No,,,,,,,0.0,,2025-08-05,1.0
574,2025-12-18,Packaging,PAC-05,Ninja,Electrical,Calibration,Medium,Waiting,Vibration detected,Akiran Suresh,Yes,Completed,556.0,2025-12-21,2025-12-23,Pass,Narsiman Reddy,Needs follow-up,No,,,,,,,2.0,,2025-12-23,5.0
575,2026-03-23,Painting,PAI-01,Pfauter,Preventive,Warranty Check,Medium,Idle,Vibration detected,Sri Varun,No,Hold,557.0,2026-03-24,2026-03-25,Fail,Ravi Kumar,OK after check,No,,,,,,,1.0,,2026-03-25,2.0
576,2026-02-12,Testing,TES-02,Ninja,Preventive,Breakdown,Low,Idle,Output defect reported,Raj Aravind,No,Completed,558.0,2026-02-15,2026-02-16,Pass,Vara Lakshmi,Minor issue fixed,No,,,,,,,1.0,,2026-02-16,4.0
577,2026-08-09,Assembly,ASS-02,Motorola,Preventive,Audit Finding,Low,Waiting,Safety guard issue,Sri Varun,No,Completed,559.0,2026-08-10,2026-08-11,Pass,Sri Priya,Minor issue fixed,No,,,,,,,1.0,,2026-08-11,2.0
578,2026-07-01,Machining,MAC-01,Doraemon,Electrical,Complaint,High,Idle,Scheduled check,Akiran Suresh,Yes,Completed,560.0,2026-07-02,2026-07-02,Pass,Ravi Kumar,Needs follow-up,No,,,,,,,0.0,,2026-07-02,1.0
579,2026-01-13,Testing,TES-05,Pfauter,Safety,Upgrade,Low,Idle,Output defect reported,Sri Varun,No,Completed,561.0,2026-01-13,2026-01-15,Pass,Narsiman Reddy,Minor issue fixed,No,,,,,,,2.0,,2026-01-15,2.0
580,2025-06-30,Testing,TES-03,Pfauter,Preventive,Breakdown,High,Waiting,Output defect reported,Sri Varun,No,Completed,562.0,2025-07-01,2025-07-02,Fail,Vara Lakshmi,Confirmed defect,Yes,172.0,2025-07-03,2025-07-04,Pass,Vara Lakshmi,Escalated to vendor,1.0,1.0,2025-07-04,4.0
581,2026-01-13,Testing,TES-04,Motorola,Quality,Scheduled,Medium,Working,Vibration detected,Tugluq Raj,Yes,Completed,563.0,2026-01-16,2026-01-18,Fail,Ravi Kumar,Needs follow-up,Yes,173.0,2026-01-19,2026-01-19,Pass,Kadar Iyer,Escalated to vendor,2.0,0.0,2026-01-19,6.0
582,2025-03-13,Packaging,PAC-02,Nokia,Quality,Upgrade,Medium,Working,Unusual noise,Tugluq Raj,No,Completed,564.0,2025-03-13,2025-03-15,Fail,Ravi Kumar,OK after check,Yes,174.0,2025-03-16,2025-03-18,Pass,Ravi Kumar,Root cause confirmed,2.0,2.0,2025-03-18,5.0
583,2025-10-02,Machining,MAC-01,Pfauter,Mechanical,Warranty Check,Low,Idle,Unusual noise,Pellakuru Nithya,No,Completed,565.0,2025-10-02,2025-10-02,Fail,Muhammed Anand,Needs follow-up,Yes,175.0,2025-10-04,2025-10-05,Pass,Muhammed Anand,Root cause confirmed,0.0,1.0,2025-10-05,3.0
584,2025-10-01,Assembly,ASS-05,Motorola,Mechanical,Breakdown,High,Waiting,Scheduled check,Kamala Devi,Yes,Completed,566.0,2025-10-04,2025-10-04,Pass,Ravi Kumar,Minor issue fixed,Yes,176.0,2025-10-06,2025-10-07,Pass,Muhammed Anand,Part replaced,0.0,1.0,2025-10-07,6.0
585,2025-08-20,Testing,TES-03,Dories,Mechanical,Audit Finding,Low,Idle,Unusual noise,Nanda Bala,Yes,Rejected,567.0,2025-08-22,2025-08-23,Fail,Narsiman Reddy,OK after check,Yes,177.0,2025-08-25,2025-08-25,Fail,Ravi Kumar,Escalated to vendor,1.0,0.0,2025-08-25,5.0
586,2026-03-15,Machining,MAC-02,Nokia,Quality,Scheduled,Low,Waiting,Scheduled check,Sri Varun,No,Completed,568.0,2026-03-15,2026-03-16,Pass,Narsiman Reddy,Needs follow-up,No,,,,,,,1.0,,2026-03-16,1.0
587,2025-01-03,Testing,TES-01,Ninja,Electrical,Complaint,High,Idle,Output defect reported,Janani Meena,No,Rejected,569.0,2025-01-06,2025-01-06,Fail,Kadar Iyer,Needs follow-up,Yes,178.0,2025-01-07,2025-01-07,Fail,Narsiman Reddy,Root cause confirmed,0.0,0.0,2025-01-07,4.0
588,2025-12-28,Machining,MAC-04,Dories,Quality,Calibration,Medium,Waiting,Scheduled check,Tugluq Raj,No,Completed,570.0,2025-12-29,2025-12-30,Pass,Dev Mehta,Confirmed defect,No,,,,,,,1.0,,2025-12-30,2.0
589,2025-08-24,Packaging,PAC-05,Doraemon,Quality,Calibration,Low,Waiting,Vibration detected,Kamala Devi,Yes,Completed,571.0,2025-08-24,2025-08-24,Pass,Ravi Kumar,Needs follow-up,No,,,,,,,0.0,,2025-08-24,0.0
590,2025-05-17,Packaging,PAC-04,Gleason,Safety,Warranty Check,High,Idle,Scheduled check,Janani Meena,Yes,Rejected,572.0,2025-05-20,2025-05-20,Fail,Vara Lakshmi,OK after check,Yes,179.0,2025-05-23,2025-05-23,Fail,Sri Priya,Escalated to vendor,0.0,0.0,2025-05-23,6.0
591,2026-01-22,Testing,TES-02,Dories,Safety,Breakdown,Low,Waiting,Unusual noise,Kamala Devi,No,Completed,573.0,2026-01-23,2026-01-23,Pass,Sri Priya,Minor issue fixed,Yes,180.0,2026-01-24,2026-01-24,Pass,Kadar Iyer,Root cause confirmed,0.0,0.0,2026-01-24,2.0
592,2025-05-24,Machining,MAC-04,Gleason,Quality,Audit Finding,Low,Waiting,Scheduled check,Janani Meena,No,Completed,574.0,2025-05-24,2025-05-25,Pass,Ravi Kumar,Minor issue fixed,Yes,181.0,2025-05-28,2025-05-28,Pass,Ravi Kumar,Part replaced,1.0,0.0,2025-05-28,4.0
593,2026-07-22,Painting,PAI-04,Pfauter,Preventive,Complaint,Medium,Waiting,Vibration detected,Raj Aravind,No,Completed,575.0,2026-07-24,2026-07-24,Pass,Muhammed Anand,Minor issue fixed,No,,,,,,,0.0,,2026-07-24,2.0
594,2025-02-27,Painting,PAI-05,Ninja,Preventive,Calibration,High,Idle,Output defect reported,Janani Meena,Yes,Completed,576.0,2025-03-02,2025-03-03,Fail,Kadar Iyer,Minor issue fixed,Yes,182.0,2025-03-05,2025-03-05,Pass,Sri Priya,Root cause confirmed,1.0,0.0,2025-03-05,6.0
595,2025-12-10,Welding,WEL-05,Nokia,Preventive,Breakdown,Medium,Idle,Vibration detected,Akiran Suresh,No,In Progress,,,,,,,,,,,,,,,,,
596,2025-02-03,Packaging,PAC-02,Pfauter,Preventive,Breakdown,High,Waiting,Output defect reported,Akiran Suresh,Yes,Completed,577.0,2025-02-03,2025-02-04,Fail,Akhil Sharma,Confirmed defect,Yes,183.0,2025-02-07,2025-02-07,Pass,Narsiman Reddy,Part replaced,1.0,0.0,2025-02-07,4.0
597,2025-05-13,Testing,TES-03,Gleason,Quality,Upgrade,High,Waiting,Unusual noise,Tugluq Raj,Yes,Completed,578.0,2025-05-16,2025-05-17,Pass,Ravi Kumar,Needs follow-up,No,,,,,,,1.0,,2025-05-17,4.0
598,2026-04-20,Machining,MAC-02,Motorola,Electrical,Scheduled,Low,Waiting,Vibration detected,Tugluq Raj,No,Hold,579.0,2026-04-22,2026-04-23,Fail,Muhammed Anand,Needs follow-up,No,,,,,,,1.0,,2026-04-23,3.0
599,2026-03-18,Welding,WEL-03,Ninja,Quality,Scheduled,Low,Idle,Safety guard issue,Kamala Devi,No,In Progress,580.0,2026-03-21,2026-03-21,Pass,Muhammed Anand,Needs follow-up,Yes,,,,,,,0.0,,2026-03-21,3.0
600,2026-05-26,Packaging,PAC-01,Nokia,Safety,Scheduled,Medium,Idle,Scheduled check,Pellakuru Nithya,Yes,Hold,581.0,2026-05-26,2026-05-26,Fail,Dev Mehta,Needs follow-up,No,,,,,,,0.0,,2026-05-26,0.0
601,2026-03-29,Painting,PAI-03,Motorola,Preventive,Audit Finding,High,Idle,Scheduled check,Sri Varun,Yes,Completed,582.0,2026-03-30,2026-03-31,Pass,Narsiman Reddy,Needs follow-up,No,,,,,,,1.0,,2026-03-31,2.0
602,2026-06-03,Assembly,ASS-04,Motorola,Preventive,Upgrade,Low,Idle,Vibration detected,Akiran Suresh,Yes,Completed,583.0,2026-06-03,2026-06-04,Pass,Kadar Iyer,OK after check,No,,,,,,,1.0,,2026-06-04,1.0
603,2026-04-19,Machining,MAC-04,Dories,Quality,Upgrade,Medium,Waiting,Output defect reported,Kamala Devi,Yes,Completed,584.0,2026-04-19,2026-04-20,Pass,Vara Lakshmi,Confirmed defect,No,,,,,,,1.0,,2026-04-20,1.0
604,2025-11-21,Welding,WEL-01,Dories,Electrical,Upgrade,Low,Waiting,Output defect reported,Kamala Devi,No,Completed,585.0,2025-11-21,2025-11-23,Fail,Muhammed Anand,Minor issue fixed,Yes,184.0,2025-11-25,2025-11-27,Pass,Ravi Kumar,Escalated to vendor,2.0,2.0,2025-11-27,6.0
605,2026-01-06,Painting,PAI-01,Nokia,Mechanical,Scheduled,Medium,Idle,Output defect reported,Sri Varun,Yes,Completed,586.0,2026-01-07,2026-01-07,Fail,Kadar Iyer,OK after check,Yes,185.0,2026-01-09,2026-01-11,Pass,Dev Mehta,Part replaced,0.0,2.0,2026-01-11,5.0
606,2025-09-23,Packaging,PAC-02,Motorola,Quality,Complaint,High,Working,Vibration detected,Nanda Bala,Yes,Completed,587.0,2025-09-26,2025-09-27,Pass,Muhammed Anand,Confirmed defect,No,,,,,,,1.0,,2025-09-27,4.0
607,2026-02-03,Welding,WEL-05,Ninja,Preventive,Scheduled,Low,Idle,Safety guard issue,Tugluq Raj,No,Completed,588.0,2026-02-05,2026-02-05,Fail,Muhammed Anand,Confirmed defect,Yes,186.0,2026-02-07,2026-02-07,Pass,Kadar Iyer,Part replaced,0.0,0.0,2026-02-07,4.0
608,2026-04-07,Packaging,PAC-01,Doraemon,Quality,Upgrade,High,Waiting,Unusual noise,Akiran Suresh,Yes,Rejected,589.0,2026-04-08,2026-04-09,Fail,Muhammed Anand,Confirmed defect,No,,,,,,,1.0,,2026-04-09,2.0
609,2025-08-03,Machining,MAC-03,Pfauter,Mechanical,Complaint,Low,Working,Unusual noise,Sri Varun,No,Rejected,590.0,2025-08-03,2025-08-05,Fail,Dev Mehta,Confirmed defect,Yes,187.0,2025-08-07,2025-08-08,Fail,Narsiman Reddy,Escalated to vendor,2.0,1.0,2025-08-08,5.0
610,2025-12-10,Painting,PAI-05,Dories,Quality,Complaint,High,Idle,Safety guard issue,Tugluq Raj,Yes,Completed,591.0,2025-12-13,2025-12-14,Pass,Kadar Iyer,Needs follow-up,No,,,,,,,1.0,,2025-12-14,4.0
611,2025-04-12,Testing,TES-05,Motorola,Mechanical,Calibration,High,Working,Unusual noise,Janani Meena,No,Rejected,592.0,2025-04-12,2025-04-14,Fail,Ravi Kumar,Needs follow-up,Yes,188.0,2025-04-16,2025-04-16,Fail,Vara Lakshmi,Part replaced,2.0,0.0,2025-04-16,4.0
612,2025-04-28,Packaging,PAC-04,Motorola,Safety,Warranty Check,Medium,Working,Output defect reported,Raj Aravind,Yes,Completed,593.0,2025-04-30,2025-04-30,Pass,Akhil Sharma,Needs follow-up,No,,,,,,,0.0,,2025-04-30,2.0
613,2025-09-05,Welding,WEL-04,Motorola,Mechanical,Breakdown,Medium,Idle,Scheduled check,Pellakuru Nithya,Yes,In Progress,594.0,2025-09-08,2025-09-08,Fail,Vara Lakshmi,Confirmed defect,Yes,,,,,,,0.0,,2025-09-08,3.0
614,2026-03-16,Assembly,ASS-05,Dories,Electrical,Audit Finding,Low,Working,Safety guard issue,Tugluq Raj,No,Completed,595.0,2026-03-16,2026-03-18,Pass,Sri Priya,Confirmed defect,No,,,,,,,2.0,,2026-03-18,2.0
615,2026-07-21,Testing,TES-03,Nokia,Mechanical,Breakdown,Medium,Idle,Output defect reported,Akiran Suresh,No,Completed,596.0,2026-07-22,2026-07-22,Pass,Sri Priya,Confirmed defect,No,,,,,,,0.0,,2026-07-22,1.0
616,2026-04-10,Assembly,ASS-02,Nokia,Electrical,Upgrade,Medium,Idle,Scheduled check,Nanda Bala,No,Completed,597.0,2026-04-11,2026-04-13,Pass,Kadar Iyer,Needs follow-up,No,,,,,,,2.0,,2026-04-13,3.0
617,2025-10-09,Testing,TES-01,Doraemon,Mechanical,Upgrade,High,Waiting,Unusual noise,Kamala Devi,Yes,Hold,598.0,2025-10-09,2025-10-09,Fail,Muhammed Anand,Needs follow-up,No,,,,,,,0.0,,2025-10-09,0.0
618,2025-04-06,Welding,WEL-02,Ninja,Electrical,Audit Finding,Medium,Idle,Output defect reported,Akiran Suresh,Yes,Hold,599.0,2025-04-09,2025-04-11,Fail,Sri Priya,Minor issue fixed,No,,,,,,,2.0,,2025-04-11,5.0
619,2026-01-20,Testing,TES-04,Dories,Electrical,Scheduled,Low,Working,Unusual noise,Tugluq Raj,No,Rejected,600.0,2026-01-20,2026-01-20,Fail,Narsiman Reddy,Confirmed defect,No,,,,,,,0.0,,2026-01-20,0.0
620,2026-07-14,Packaging,PAC-05,Doraemon,Safety,Breakdown,Low,Idle,Safety guard issue,Akiran Suresh,No,In Progress,601.0,2026-07-15,2026-07-15,Fail,Sri Priya,Minor issue fixed,Yes,,,,,,,0.0,,2026-07-15,1.0
621,2025-05-22,Assembly,ASS-03,Doraemon,Electrical,Complaint,Low,Working,Output defect reported,Nanda Bala,No,Completed,602.0,2025-05-24,2025-05-26,Pass,Akhil Sharma,Confirmed defect,No,,,,,,,2.0,,2025-05-26,4.0
622,2026-03-23,Testing,TES-04,Nokia,Safety,Scheduled,Medium,Idle,Scheduled check,Raj Aravind,Yes,Completed,603.0,2026-03-25,2026-03-25,Pass,Dev Mehta,Confirmed defect,No,,,,,,,0.0,,2026-03-25,2.0
623,2025-10-06,Painting,PAI-04,Motorola,Preventive,Audit Finding,Low,Working,Vibration detected,Pellakuru Nithya,No,Completed,604.0,2025-10-06,2025-10-07,Pass,Akhil Sharma,Confirmed defect,Yes,189.0,2025-10-09,2025-10-11,Pass,Narsiman Reddy,Part replaced,1.0,2.0,2025-10-11,5.0
624,2025-07-04,Assembly,ASS-01,Ninja,Electrical,Complaint,Medium,Idle,Unusual noise,Nanda Bala,No,Completed,605.0,2025-07-06,2025-07-06,Pass,Sri Priya,OK after check,No,,,,,,,0.0,,2025-07-06,2.0
625,2025-12-03,Welding,WEL-01,Ninja,Safety,Scheduled,Low,Waiting,Unusual noise,Raj Aravind,No,Completed,606.0,2025-12-04,2025-12-06,Fail,Sri Priya,Confirmed defect,Yes,190.0,2025-12-09,2025-12-10,Pass,Narsiman Reddy,Part replaced,2.0,1.0,2025-12-10,7.0
626,2025-02-20,Machining,MAC-02,Motorola,Safety,Audit Finding,Medium,Idle,Unusual noise,Janani Meena,Yes,Completed,607.0,2025-02-22,2025-02-24,Pass,Ravi Kumar,Needs follow-up,No,,,,,,,2.0,,2025-02-24,4.0
627,2025-01-05,Assembly,ASS-05,Nokia,Quality,Breakdown,Medium,Waiting,Safety guard issue,Akiran Suresh,Yes,Rejected,608.0,2025-01-05,2025-01-05,Fail,Kadar Iyer,Needs follow-up,Yes,191.0,2025-01-07,2025-01-08,Fail,Narsiman Reddy,Part replaced,0.0,1.0,2025-01-08,3.0
628,2025-11-17,Assembly,ASS-05,Dories,Safety,Upgrade,High,Working,Output defect reported,Kamala Devi,No,Completed,609.0,2025-11-17,2025-11-17,Pass,Muhammed Anand,OK after check,Yes,192.0,2025-11-19,2025-11-21,Pass,Kadar Iyer,Root cause confirmed,0.0,2.0,2025-11-21,4.0
629,2025-07-15,Machining,MAC-01,Ninja,Preventive,Breakdown,Medium,Waiting,Unusual noise,Sri Varun,No,Completed,610.0,2025-07-15,2025-07-15,Fail,Sri Priya,Needs follow-up,Yes,193.0,2025-07-17,2025-07-19,Pass,Kadar Iyer,Part replaced,0.0,2.0,2025-07-19,4.0
630,2025-05-22,Testing,TES-02,Nokia,Safety,Warranty Check,High,Idle,Safety guard issue,Raj Aravind,Yes,Completed,611.0,2025-05-22,2025-05-24,Pass,Dev Mehta,Confirmed defect,No,,,,,,,2.0,,2025-05-24,2.0
631,2026-05-10,Welding,WEL-03,Ninja,Safety,Upgrade,Medium,Idle,Scheduled check,Nanda Bala,No,Completed,612.0,2026-05-11,2026-05-13,Fail,Ravi Kumar,Minor issue fixed,Yes,194.0,2026-05-14,2026-05-16,Pass,Vara Lakshmi,Part replaced,2.0,2.0,2026-05-16,6.0
632,2026-05-15,Painting,PAI-02,Ninja,Preventive,Warranty Check,High,Waiting,Safety guard issue,Pellakuru Nithya,No,Completed,613.0,2026-05-17,2026-05-19,Pass,Muhammed Anand,OK after check,No,,,,,,,2.0,,2026-05-19,4.0
633,2026-01-08,Machining,MAC-02,Ninja,Preventive,Calibration,Medium,Idle,Output defect reported,Nanda Bala,Yes,Completed,614.0,2026-01-11,2026-01-11,Pass,Sri Priya,Minor issue fixed,No,,,,,,,0.0,,2026-01-11,3.0
634,2025-04-23,Painting,PAI-01,Nokia,Safety,Breakdown,Medium,Working,Safety guard issue,Janani Meena,Yes,Completed,615.0,2025-04-23,2025-04-25,Fail,Vara Lakshmi,Minor issue fixed,Yes,195.0,2025-04-27,2025-04-29,Pass,Kadar Iyer,Escalated to vendor,2.0,2.0,2025-04-29,6.0
635,2026-03-28,Welding,WEL-01,Motorola,Quality,Upgrade,High,Working,Vibration detected,Sri Varun,Yes,Completed,616.0,2026-03-29,2026-03-31,Fail,Kadar Iyer,OK after check,Yes,196.0,2026-04-03,2026-04-03,Pass,Vara Lakshmi,Root cause confirmed,2.0,0.0,2026-04-03,6.0
636,2025-02-24,Machining,MAC-01,Gleason,Electrical,Breakdown,Low,Waiting,Unusual noise,Sri Varun,Yes,Rejected,617.0,2025-02-27,2025-02-28,Fail,Vara Lakshmi,Needs follow-up,Yes,197.0,2025-03-02,2025-03-02,Fail,Muhammed Anand,Root cause confirmed,1.0,0.0,2025-03-02,6.0
637,2025-10-22,Welding,WEL-03,Nokia,Preventive,Upgrade,High,Waiting,Output defect reported,Sri Varun,No,Completed,618.0,2025-10-23,2025-10-23,Pass,Sri Priya,Minor issue fixed,No,,,,,,,0.0,,2025-10-23,1.0
638,2026-04-12,Machining,MAC-03,Doraemon,Quality,Audit Finding,High,Working,Unusual noise,Tugluq Raj,No,Completed,619.0,2026-04-12,2026-04-12,Pass,Ravi Kumar,Needs follow-up,No,,,,,,,0.0,,2026-04-12,0.0
639,2025-01-02,Painting,PAI-05,Dories,Mechanical,Breakdown,High,Idle,Safety guard issue,Sri Varun,No,Completed,620.0,2025-01-03,2025-01-03,Pass,Sri Priya,Needs follow-up,No,,,,,,,0.0,,2025-01-03,1.0
640,2026-04-09,Testing,TES-03,Pfauter,Safety,Upgrade,Medium,Working,Scheduled check,Pellakuru Nithya,No,Completed,621.0,2026-04-11,2026-04-12,Pass,Dev Mehta,OK after check,No,,,,,,,1.0,,2026-04-12,3.0
641,2025-01-22,Welding,WEL-05,Ninja,Electrical,Upgrade,Medium,Idle,Scheduled check,Janani Meena,Yes,Completed,622.0,2025-01-25,2025-01-26,Pass,Vara Lakshmi,Confirmed defect,Yes,198.0,2025-01-29,2025-01-29,Pass,Akhil Sharma,Escalated to vendor,1.0,0.0,2025-01-29,7.0
642,2026-04-06,Testing,TES-05,Nokia,Safety,Upgrade,Low,Working,Scheduled check,Raj Aravind,No,Rejected,623.0,2026-04-08,2026-04-09,Fail,Narsiman Reddy,OK after check,Yes,199.0,2026-04-11,2026-04-12,Fail,Narsiman Reddy,Part replaced,1.0,1.0,2026-04-12,6.0
643,2026-05-26,Assembly,ASS-01,Dories,Electrical,Calibration,High,Working,Safety guard issue,Tugluq Raj,Yes,Rejected,624.0,2026-05-28,2026-05-28,Fail,Ravi Kumar,Confirmed defect,No,,,,,,,0.0,,2026-05-28,2.0
644,2025-10-17,Assembly,ASS-02,Motorola,Quality,Complaint,High,Idle,Output defect reported,Pellakuru Nithya,No,Completed,625.0,2025-10-17,2025-10-17,Fail,Akhil Sharma,Minor issue fixed,Yes,200.0,2025-10-18,2025-10-20,Pass,Akhil Sharma,Root cause confirmed,0.0,2.0,2025-10-20,3.0
645,2026-03-19,Testing,TES-02,Gleason,Electrical,Breakdown,High,Working,Scheduled check,Nanda Bala,No,Completed,626.0,2026-03-22,2026-03-23,Pass,Sri Priya,Needs follow-up,No,,,,,,,1.0,,2026-03-23,4.0
646,2025-11-15,Welding,WEL-05,Doraemon,Safety,Warranty Check,Medium,Waiting,Vibration detected,Nanda Bala,Yes,Completed,627.0,2025-11-18,2025-11-20,Fail,Sri Priya,Needs follow-up,Yes,201.0,2025-11-23,2025-11-25,Pass,Dev Mehta,Escalated to vendor,2.0,2.0,2025-11-25,10.0
647,2026-03-24,Machining,MAC-04,Dories,Safety,Calibration,Low,Waiting,Scheduled check,Janani Meena,No,Hold,628.0,2026-03-27,2026-03-28,Fail,Kadar Iyer,Confirmed defect,No,,,,,,,1.0,,2026-03-28,4.0
648,2025-01-28,Assembly,ASS-05,Motorola,Electrical,Calibration,Medium,Working,Vibration detected,Pellakuru Nithya,Yes,Rejected,629.0,2025-01-30,2025-01-30,Fail,Kadar Iyer,Minor issue fixed,No,,,,,,,0.0,,2025-01-30,2.0
649,2026-04-19,Painting,PAI-01,Dories,Mechanical,Breakdown,Low,Idle,Scheduled check,Kamala Devi,No,Completed,630.0,2026-04-19,2026-04-20,Pass,Narsiman Reddy,OK after check,No,,,,,,,1.0,,2026-04-20,1.0
650,2026-06-08,Assembly,ASS-05,Doraemon,Electrical,Calibration,High,Idle,Safety guard issue,Janani Meena,Yes,Completed,631.0,2026-06-09,2026-06-10,Pass,Ravi Kumar,Confirmed defect,No,,,,,,,1.0,,2026-06-10,2.0
651,2025-04-28,Packaging,PAC-02,Pfauter,Mechanical,Calibration,High,Idle,Vibration detected,Nanda Bala,Yes,Hold,632.0,2025-04-28,2025-04-30,Fail,Dev Mehta,Confirmed defect,No,,,,,,,2.0,,2025-04-30,2.0
652,2025-11-04,Assembly,ASS-01,Ninja,Electrical,Warranty Check,High,Waiting,Scheduled check,Janani Meena,No,Completed,633.0,2025-11-04,2025-11-05,Pass,Muhammed Anand,Minor issue fixed,Yes,202.0,2025-11-08,2025-11-10,Pass,Vara Lakshmi,Root cause confirmed,1.0,2.0,2025-11-10,6.0
653,2025-07-25,Packaging,PAC-05,Gleason,Mechanical,Calibration,Medium,Working,Scheduled check,Sri Varun,Yes,Completed,634.0,2025-07-25,2025-07-26,Pass,Kadar Iyer,Minor issue fixed,No,,,,,,,1.0,,2025-07-26,1.0
654,2026-04-14,Assembly,ASS-03,Motorola,Preventive,Complaint,Medium,Idle,Safety guard issue,Janani Meena,Yes,Completed,635.0,2026-04-16,2026-04-16,Pass,Dev Mehta,Needs follow-up,No,,,,,,,0.0,,2026-04-16,2.0
655,2026-01-02,Assembly,ASS-02,Nokia,Safety,Upgrade,Low,Waiting,Output defect reported,Kamala Devi,Yes,Completed,636.0,2026-01-03,2026-01-04,Pass,Narsiman Reddy,Confirmed defect,No,,,,,,,1.0,,2026-01-04,2.0
656,2025-10-13,Testing,TES-02,Gleason,Quality,Breakdown,Low,Waiting,Output defect reported,Raj Aravind,No,Completed,637.0,2025-10-14,2025-10-16,Pass,Akhil Sharma,Minor issue fixed,No,,,,,,,2.0,,2025-10-16,3.0
657,2026-08-18,Testing,TES-03,Ninja,Quality,Breakdown,Low,Idle,Unusual noise,Tugluq Raj,Yes,In Progress,638.0,2026-08-21,2026-08-23,Fail,Narsiman Reddy,Minor issue fixed,Yes,,,,,,,2.0,,2026-08-23,5.0
658,2025-04-18,Testing,TES-02,Doraemon,Quality,Warranty Check,High,Working,Unusual noise,Akiran Suresh,Yes,Rejected,639.0,2025-04-18,2025-04-18,Fail,Sri Priya,Confirmed defect,No,,,,,,,0.0,,2025-04-18,0.0
659,2025-01-31,Welding,WEL-05,Motorola,Quality,Audit Finding,Medium,Idle,Safety guard issue,Nanda Bala,Yes,Rejected,640.0,2025-02-03,2025-02-04,Fail,Vara Lakshmi,Minor issue fixed,No,,,,,,,1.0,,2025-02-04,4.0
660,2026-03-21,Testing,TES-02,Motorola,Preventive,Breakdown,High,Waiting,Unusual noise,Nanda Bala,Yes,Completed,641.0,2026-03-22,2026-03-22,Pass,Kadar Iyer,OK after check,No,,,,,,,0.0,,2026-03-22,1.0
661,2026-06-25,Welding,WEL-02,Pfauter,Quality,Calibration,High,Working,Scheduled check,Tugluq Raj,No,Completed,642.0,2026-06-28,2026-06-29,Pass,Sri Priya,OK after check,No,,,,,,,1.0,,2026-06-29,4.0
662,2025-11-02,Machining,MAC-05,Nokia,Mechanical,Calibration,Medium,Waiting,Scheduled check,Akiran Suresh,Yes,Completed,643.0,2025-11-04,2025-11-05,Pass,Narsiman Reddy,OK after check,No,,,,,,,1.0,,2025-11-05,3.0
663,2025-03-18,Machining,MAC-03,Ninja,Preventive,Calibration,High,Waiting,Scheduled check,Raj Aravind,Yes,Completed,644.0,2025-03-18,2025-03-20,Pass,Akhil Sharma,OK after check,No,,,,,,,2.0,,2025-03-20,2.0
664,2026-03-08,Assembly,ASS-03,Ninja,Mechanical,Scheduled,Medium,Idle,Safety guard issue,Pellakuru Nithya,No,Completed,645.0,2026-03-08,2026-03-08,Pass,Ravi Kumar,Needs follow-up,No,,,,,,,0.0,,2026-03-08,0.0
665,2025-03-24,Assembly,ASS-04,Nokia,Safety,Upgrade,Medium,Idle,Unusual noise,Akiran Suresh,No,Rejected,646.0,2025-03-25,2025-03-27,Fail,Dev Mehta,Needs follow-up,Yes,203.0,2025-03-28,2025-03-28,Fail,Ravi Kumar,Root cause confirmed,2.0,0.0,2025-03-28,4.0
666,2026-01-24,Machining,MAC-05,Motorola,Preventive,Audit Finding,Low,Idle,Output defect reported,Raj Aravind,No,Completed,647.0,2026-01-27,2026-01-29,Pass,Muhammed Anand,OK after check,No,,,,,,,2.0,,2026-01-29,5.0
667,2026-01-12,Painting,PAI-01,Dories,Mechanical,Scheduled,Medium,Idle,Unusual noise,Akiran Suresh,Yes,Completed,648.0,2026-01-12,2026-01-12,Pass,Vara Lakshmi,OK after check,No,,,,,,,0.0,,2026-01-12,0.0
668,2025-05-10,Assembly,ASS-01,Motorola,Safety,Complaint,Medium,Waiting,Vibration detected,Sri Varun,Yes,Completed,649.0,2025-05-13,2025-05-14,Pass,Sri Priya,OK after check,No,,,,,,,1.0,,2025-05-14,4.0
669,2025-07-30,Welding,WEL-05,Ninja,Safety,Warranty Check,Low,Idle,Output defect reported,Sri Varun,No,Completed,650.0,2025-08-01,2025-08-03,Fail,Narsiman Reddy,OK after check,Yes,204.0,2025-08-04,2025-08-05,Pass,Kadar Iyer,Escalated to vendor,2.0,1.0,2025-08-05,6.0
670,2025-10-14,Packaging,PAC-04,Ninja,Preventive,Scheduled,High,Working,Safety guard issue,Nanda Bala,Yes,Hold,651.0,2025-10-15,2025-10-15,Fail,Vara Lakshmi,Confirmed defect,No,,,,,,,0.0,,2025-10-15,1.0
671,2025-04-27,Testing,TES-04,Gleason,Safety,Calibration,High,Working,Scheduled check,Kamala Devi,Yes,In Progress,652.0,2025-04-30,2025-05-01,Pass,Kadar Iyer,Confirmed defect,Yes,,,,,,,1.0,,2025-05-01,4.0
672,2025-08-18,Painting,PAI-01,Doraemon,Quality,Calibration,High,Idle,Scheduled check,Akiran Suresh,Yes,Completed,653.0,2025-08-20,2025-08-20,Pass,Narsiman Reddy,Needs follow-up,No,,,,,,,0.0,,2025-08-20,2.0
673,2025-01-29,Packaging,PAC-02,Dories,Quality,Warranty Check,Low,Waiting,Unusual noise,Kamala Devi,No,Completed,654.0,2025-01-31,2025-02-02,Pass,Akhil Sharma,Minor issue fixed,No,,,,,,,2.0,,2025-02-02,4.0
674,2025-09-01,Painting,PAI-04,Gleason,Safety,Breakdown,High,Idle,Safety guard issue,Sri Varun,Yes,Completed,655.0,2025-09-04,2025-09-04,Pass,Narsiman Reddy,Needs follow-up,No,,,,,,,0.0,,2025-09-04,3.0
675,2025-01-13,Testing,TES-03,Doraemon,Safety,Warranty Check,Low,Working,Vibration detected,Janani Meena,No,Completed,656.0,2025-01-16,2025-01-16,Pass,Narsiman Reddy,Confirmed defect,No,,,,,,,0.0,,2025-01-16,3.0
676,2025-08-12,Testing,TES-05,Motorola,Safety,Calibration,Low,Waiting,Scheduled check,Kamala Devi,No,Completed,657.0,2025-08-14,2025-08-15,Fail,Muhammed Anand,Minor issue fixed,Yes,205.0,2025-08-18,2025-08-18,Pass,Muhammed Anand,Escalated to vendor,1.0,0.0,2025-08-18,6.0
677,2025-08-27,Testing,TES-01,Nokia,Preventive,Warranty Check,High,Working,Safety guard issue,Pellakuru Nithya,Yes,Completed,658.0,2025-08-28,2025-08-28,Pass,Akhil Sharma,Needs follow-up,No,,,,,,,0.0,,2025-08-28,1.0
678,2026-07-08,Assembly,ASS-03,Nokia,Safety,Breakdown,Low,Idle,Safety guard issue,Janani Meena,Yes,Completed,659.0,2026-07-08,2026-07-08,Fail,Kadar Iyer,OK after check,Yes,206.0,2026-07-11,2026-07-12,Pass,Akhil Sharma,Root cause confirmed,0.0,1.0,2026-07-12,4.0
679,2026-01-04,Assembly,ASS-03,Doraemon,Safety,Audit Finding,Medium,Working,Safety guard issue,Akiran Suresh,Yes,Completed,660.0,2026-01-04,2026-01-05,Pass,Ravi Kumar,OK after check,No,,,,,,,1.0,,2026-01-05,1.0
680,2025-11-17,Packaging,PAC-02,Pfauter,Preventive,Upgrade,Low,Working,Vibration detected,Raj Aravind,No,Completed,661.0,2025-11-17,2025-11-19,Pass,Kadar Iyer,OK after check,No,,,,,,,2.0,,2025-11-19,2.0
681,2026-08-02,Assembly,ASS-02,Doraemon,Preventive,Upgrade,Low,Working,Safety guard issue,Kamala Devi,No,Completed,662.0,2026-08-02,2026-08-04,Pass,Dev Mehta,Needs follow-up,No,,,,,,,2.0,,2026-08-04,2.0
682,2026-08-13,Welding,WEL-02,Gleason,Electrical,Warranty Check,High,Working,Vibration detected,Janani Meena,Yes,In Progress,663.0,2026-08-14,2026-08-15,Fail,Narsiman Reddy,OK after check,Yes,,,,,,,1.0,,2026-08-15,2.0
683,2026-06-02,Welding,WEL-05,Doraemon,Quality,Calibration,Medium,Idle,Output defect reported,Raj Aravind,Yes,Hold,664.0,2026-06-03,2026-06-05,Fail,Vara Lakshmi,Confirmed defect,No,,,,,,,2.0,,2026-06-05,3.0
684,2025-05-22,Testing,TES-05,Gleason,Safety,Breakdown,Medium,Idle,Output defect reported,Raj Aravind,No,Completed,665.0,2025-05-23,2025-05-25,Pass,Vara Lakshmi,Minor issue fixed,No,,,,,,,2.0,,2025-05-25,3.0
685,2025-06-20,Painting,PAI-01,Ninja,Preventive,Upgrade,Medium,Working,Unusual noise,Tugluq Raj,No,Completed,666.0,2025-06-23,2025-06-23,Pass,Sri Priya,Minor issue fixed,No,,,,,,,0.0,,2025-06-23,3.0
686,2026-02-02,Packaging,PAC-05,Nokia,Quality,Upgrade,Medium,Waiting,Vibration detected,Sri Varun,Yes,Rejected,667.0,2026-02-04,2026-02-06,Fail,Sri Priya,OK after check,No,,,,,,,2.0,,2026-02-06,4.0
687,2026-04-05,Assembly,ASS-03,Dories,Quality,Complaint,Low,Working,Vibration detected,Tugluq Raj,No,Rejected,668.0,2026-04-05,2026-04-05,Fail,Narsiman Reddy,Confirmed defect,No,,,,,,,0.0,,2026-04-05,0.0
688,2026-03-26,Painting,PAI-03,Pfauter,Safety,Warranty Check,Low,Idle,Vibration detected,Sri Varun,No,Completed,669.0,2026-03-26,2026-03-28,Pass,Kadar Iyer,Needs follow-up,No,,,,,,,2.0,,2026-03-28,2.0
689,2025-11-23,Welding,WEL-04,Motorola,Electrical,Audit Finding,High,Waiting,Scheduled check,Pellakuru Nithya,Yes,Completed,670.0,2025-11-25,2025-11-25,Fail,Dev Mehta,Confirmed defect,Yes,207.0,2025-11-26,2025-11-26,Pass,Akhil Sharma,Part replaced,0.0,0.0,2025-11-26,3.0
690,2025-08-26,Packaging,PAC-01,Motorola,Electrical,Calibration,High,Waiting,Vibration detected,Akiran Suresh,Yes,Completed,671.0,2025-08-26,2025-08-28,Pass,Vara Lakshmi,OK after check,No,,,,,,,2.0,,2025-08-28,2.0
691,2026-01-14,Painting,PAI-01,Dories,Quality,Calibration,Low,Idle,Output defect reported,Sri Varun,No,Completed,672.0,2026-01-14,2026-01-15,Pass,Dev Mehta,Needs follow-up,No,,,,,,,1.0,,2026-01-15,1.0
692,2025-10-13,Assembly,ASS-02,Gleason,Mechanical,Upgrade,High,Idle,Unusual noise,Pellakuru Nithya,Yes,Completed,673.0,2025-10-15,2025-10-16,Pass,Sri Priya,Needs follow-up,No,,,,,,,1.0,,2025-10-16,3.0
693,2025-04-13,Assembly,ASS-04,Gleason,Electrical,Warranty Check,Low,Waiting,Unusual noise,Akiran Suresh,Yes,Rejected,674.0,2025-04-16,2025-04-16,Fail,Akhil Sharma,Confirmed defect,No,,,,,,,0.0,,2025-04-16,3.0
694,2025-07-11,Machining,MAC-04,Nokia,Electrical,Upgrade,Medium,Idle,Safety guard issue,Nanda Bala,Yes,Completed,675.0,2025-07-11,2025-07-12,Pass,Vara Lakshmi,Minor issue fixed,No,,,,,,,1.0,,2025-07-12,1.0
695,2025-09-27,Assembly,ASS-04,Pfauter,Electrical,Upgrade,Low,Working,Output defect reported,Tugluq Raj,No,Completed,676.0,2025-09-28,2025-09-29,Pass,Dev Mehta,Confirmed defect,No,,,,,,,1.0,,2025-09-29,2.0
696,2026-07-11,Packaging,PAC-03,Nokia,Mechanical,Warranty Check,High,Working,Output defect reported,Janani Meena,Yes,Completed,677.0,2026-07-14,2026-07-14,Fail,Sri Priya,Needs follow-up,Yes,208.0,2026-07-17,2026-07-18,Pass,Muhammed Anand,Part replaced,0.0,1.0,2026-07-18,7.0
697,2026-02-26,Painting,PAI-05,Gleason,Safety,Calibration,High,Idle,Output defect reported,Akiran Suresh,Yes,Completed,678.0,2026-02-28,2026-03-01,Pass,Kadar Iyer,Confirmed defect,No,,,,,,,1.0,,2026-03-01,3.0
698,2026-02-13,Painting,PAI-04,Gleason,Quality,Upgrade,High,Idle,Scheduled check,Akiran Suresh,Yes,Completed,679.0,2026-02-16,2026-02-16,Pass,Muhammed Anand,Minor issue fixed,No,,,,,,,0.0,,2026-02-16,3.0
699,2025-12-04,Testing,TES-01,Motorola,Mechanical,Warranty Check,Low,Working,Unusual noise,Pellakuru Nithya,No,Completed,680.0,2025-12-04,2025-12-06,Pass,Narsiman Reddy,Minor issue fixed,Yes,209.0,2025-12-07,2025-12-09,Pass,Kadar Iyer,Escalated to vendor,2.0,2.0,2025-12-09,5.0
700,2025-06-15,Machining,MAC-03,Dories,Electrical,Calibration,Medium,Waiting,Vibration detected,Akiran Suresh,Yes,Rejected,681.0,2025-06-15,2025-06-17,Fail,Kadar Iyer,Confirmed defect,Yes,210.0,2025-06-18,2025-06-18,Fail,Akhil Sharma,Part replaced,2.0,0.0,2025-06-18,3.0
701,2025-09-11,Assembly,ASS-02,Motorola,Quality,Upgrade,Low,Working,Vibration detected,Sri Varun,No,In Progress,,,,,,,,,,,,,,,,,
702,2025-01-21,Packaging,PAC-04,Pfauter,Electrical,Breakdown,Low,Waiting,Safety guard issue,Raj Aravind,Yes,In Progress,682.0,2025-01-23,2025-01-24,Fail,Ravi Kumar,Needs follow-up,Yes,,,,,,,1.0,,2025-01-24,3.0
703,2025-07-27,Welding,WEL-04,Pfauter,Quality,Audit Finding,Low,Working,Output defect reported,Kamala Devi,Yes,Hold,683.0,2025-07-30,2025-08-01,Fail,Akhil Sharma,Confirmed defect,No,,,,,,,2.0,,2025-08-01,5.0
704,2026-06-03,Welding,WEL-05,Dories,Quality,Complaint,High,Waiting,Unusual noise,Janani Meena,Yes,Completed,684.0,2026-06-03,2026-06-04,Pass,Dev Mehta,Needs follow-up,No,,,,,,,1.0,,2026-06-04,1.0
705,2025-04-22,Painting,PAI-05,Nokia,Mechanical,Breakdown,Medium,Waiting,Vibration detected,Nanda Bala,No,Completed,685.0,2025-04-25,2025-04-27,Pass,Kadar Iyer,Confirmed defect,Yes,211.0,2025-04-30,2025-05-02,Pass,Vara Lakshmi,Root cause confirmed,2.0,2.0,2025-05-02,10.0
706,2026-02-26,Painting,PAI-03,Ninja,Electrical,Breakdown,Medium,Working,Safety guard issue,Raj Aravind,No,Completed,686.0,2026-02-28,2026-03-02,Fail,Dev Mehta,Needs follow-up,Yes,212.0,2026-03-05,2026-03-05,Pass,Narsiman Reddy,Part replaced,2.0,0.0,2026-03-05,7.0
707,2026-06-11,Testing,TES-04,Doraemon,Mechanical,Breakdown,Low,Working,Unusual noise,Raj Aravind,Yes,Completed,687.0,2026-06-11,2026-06-11,Pass,Sri Priya,Minor issue fixed,No,,,,,,,0.0,,2026-06-11,0.0
708,2025-04-27,Machining,MAC-04,Dories,Electrical,Upgrade,Medium,Waiting,Output defect reported,Tugluq Raj,No,In Progress,688.0,2025-04-30,2025-04-30,Fail,Sri Priya,Confirmed defect,Yes,,,,,,,0.0,,2025-04-30,3.0
709,2026-06-20,Welding,WEL-03,Pfauter,Electrical,Scheduled,Medium,Working,Safety guard issue,Nanda Bala,No,Completed,689.0,2026-06-22,2026-06-24,Pass,Dev Mehta,Confirmed defect,No,,,,,,,2.0,,2026-06-24,4.0
710,2025-05-19,Machining,MAC-03,Ninja,Quality,Breakdown,Low,Working,Output defect reported,Tugluq Raj,Yes,Completed,690.0,2025-05-19,2025-05-19,Pass,Vara Lakshmi,Minor issue fixed,No,,,,,,,0.0,,2025-05-19,0.0
711,2026-07-05,Testing,TES-01,Motorola,Preventive,Audit Finding,High,Waiting,Vibration detected,Kamala Devi,Yes,Completed,691.0,2026-07-06,2026-07-07,Pass,Vara Lakshmi,Needs follow-up,No,,,,,,,1.0,,2026-07-07,2.0
712,2026-08-22,Welding,WEL-04,Pfauter,Quality,Complaint,Medium,Waiting,Safety guard issue,Nanda Bala,Yes,Open,,,,,,,,,,,,,,,,,
713,2025-08-10,Machining,MAC-01,Pfauter,Mechanical,Scheduled,Medium,Waiting,Safety guard issue,Raj Aravind,Yes,Completed,692.0,2025-08-12,2025-08-14,Pass,Dev Mehta,Minor issue fixed,No,,,,,,,2.0,,2025-08-14,4.0
714,2025-08-26,Machining,MAC-01,Ninja,Preventive,Scheduled,High,Idle,Vibration detected,Janani Meena,No,Rejected,693.0,2025-08-28,2025-08-28,Fail,Ravi Kumar,Minor issue fixed,No,,,,,,,0.0,,2025-08-28,2.0
715,2026-03-12,Packaging,PAC-04,Gleason,Preventive,Warranty Check,Medium,Idle,Vibration detected,Raj Aravind,Yes,Completed,694.0,2026-03-15,2026-03-17,Pass,Akhil Sharma,Needs follow-up,No,,,,,,,2.0,,2026-03-17,5.0
716,2025-08-08,Packaging,PAC-01,Ninja,Safety,Upgrade,Low,Idle,Output defect reported,Janani Meena,No,Rejected,695.0,2025-08-10,2025-08-12,Fail,Kadar Iyer,Needs follow-up,Yes,213.0,2025-08-13,2025-08-13,Fail,Narsiman Reddy,Part replaced,2.0,0.0,2025-08-13,5.0
717,2026-03-11,Testing,TES-03,Nokia,Quality,Complaint,Low,Idle,Unusual noise,Nanda Bala,No,Completed,696.0,2026-03-12,2026-03-12,Pass,Narsiman Reddy,OK after check,No,,,,,,,0.0,,2026-03-12,1.0
718,2026-05-30,Welding,WEL-03,Gleason,Mechanical,Upgrade,Low,Working,Output defect reported,Raj Aravind,Yes,Rejected,697.0,2026-06-01,2026-06-02,Fail,Ravi Kumar,Confirmed defect,No,,,,,,,1.0,,2026-06-02,3.0
719,2026-05-18,Packaging,PAC-04,Ninja,Preventive,Warranty Check,Low,Idle,Unusual noise,Pellakuru Nithya,Yes,Completed,698.0,2026-05-19,2026-05-21,Pass,Muhammed Anand,OK after check,No,,,,,,,2.0,,2026-05-21,3.0
720,2025-02-27,Painting,PAI-01,Motorola,Safety,Breakdown,Low,Waiting,Scheduled check,Nanda Bala,No,Completed,699.0,2025-02-27,2025-02-28,Pass,Narsiman Reddy,Minor issue fixed,No,,,,,,,1.0,,2025-02-28,1.0
721,2026-06-13,Packaging,PAC-03,Dories,Quality,Warranty Check,Low,Waiting,Unusual noise,Kamala Devi,Yes,In Progress,700.0,2026-06-14,2026-06-16,Fail,Sri Priya,Minor issue fixed,Yes,,,,,,,2.0,,2026-06-16,3.0
722,2025-10-10,Painting,PAI-01,Pfauter,Quality,Scheduled,Low,Waiting,Unusual noise,Sri Varun,No,Completed,701.0,2025-10-12,2025-10-12,Pass,Sri Priya,Confirmed defect,No,,,,,,,0.0,,2025-10-12,2.0
723,2025-04-03,Assembly,ASS-01,Nokia,Safety,Calibration,High,Waiting,Unusual noise,Tugluq Raj,No,Completed,702.0,2025-04-04,2025-04-06,Pass,Sri Priya,Minor issue fixed,No,,,,,,,2.0,,2025-04-06,3.0
724,2025-05-16,Welding,WEL-02,Doraemon,Safety,Scheduled,Medium,Working,Vibration detected,Pellakuru Nithya,Yes,Completed,703.0,2025-05-17,2025-05-18,Pass,Muhammed Anand,Needs follow-up,No,,,,,,,1.0,,2025-05-18,2.0
725,2025-09-28,Welding,WEL-04,Pfauter,Safety,Complaint,Medium,Waiting,Safety guard issue,Janani Meena,No,Hold,704.0,2025-09-29,2025-09-29,Fail,Kadar Iyer,Minor issue fixed,No,,,,,,,0.0,,2025-09-29,1.0
726,2025-08-04,Packaging,PAC-05,Gleason,Safety,Scheduled,Medium,Working,Safety guard issue,Sri Varun,Yes,Rejected,705.0,2025-08-05,2025-08-06,Fail,Akhil Sharma,OK after check,Yes,214.0,2025-08-07,2025-08-09,Fail,Muhammed Anand,Part replaced,1.0,2.0,2025-08-09,5.0
727,2026-08-24,Machining,MAC-04,Dories,Preventive,Breakdown,Low,Working,Unusual noise,Pellakuru Nithya,No,Open,,,,,,,,,,,,,,,,,
728,2026-03-08,Assembly,ASS-02,Doraemon,Mechanical,Scheduled,Medium,Working,Scheduled check,Tugluq Raj,No,Completed,706.0,2026-03-09,2026-03-09,Pass,Dev Mehta,Confirmed defect,No,,,,,,,0.0,,2026-03-09,1.0
729,2026-04-30,Testing,TES-04,Doraemon,Safety,Calibration,Medium,Working,Output defect reported,Raj Aravind,Yes,Completed,707.0,2026-05-01,2026-05-03,Fail,Akhil Sharma,Confirmed defect,Yes,215.0,2026-05-06,2026-05-06,Pass,Muhammed Anand,Escalated to vendor,2.0,0.0,2026-05-06,6.0
730,2026-06-21,Machining,MAC-03,Ninja,Electrical,Scheduled,Low,Waiting,Scheduled check,Akiran Suresh,No,Completed,708.0,2026-06-23,2026-06-23,Pass,Dev Mehta,Confirmed defect,No,,,,,,,0.0,,2026-06-23,2.0
731,2025-01-01,Machining,MAC-04,Nokia,Safety,Complaint,High,Idle,Vibration detected,Nanda Bala,No,Completed,709.0,2025-01-04,2025-01-04,Pass,Muhammed Anand,Needs follow-up,No,,,,,,,0.0,,2025-01-04,3.0
732,2025-06-13,Assembly,ASS-04,Pfauter,Quality,Upgrade,Medium,Idle,Output defect reported,Raj Aravind,No,Completed,710.0,2025-06-14,2025-06-14,Pass,Narsiman Reddy,Minor issue fixed,No,,,,,,,0.0,,2025-06-14,1.0
733,2025-10-17,Painting,PAI-03,Ninja,Quality,Calibration,Low,Working,Safety guard issue,Kamala Devi,No,Completed,711.0,2025-10-17,2025-10-17,Pass,Muhammed Anand,Minor issue fixed,No,,,,,,,0.0,,2025-10-17,0.0
734,2025-12-15,Welding,WEL-03,Pfauter,Preventive,Warranty Check,High,Working,Unusual noise,Nanda Bala,Yes,Completed,712.0,2025-12-16,2025-12-16,Fail,Sri Priya,Needs follow-up,Yes,216.0,2025-12-18,2025-12-20,Pass,Muhammed Anand,Part replaced,0.0,2.0,2025-12-20,5.0
735,2025-11-15,Machining,MAC-03,Motorola,Safety,Audit Finding,Medium,Idle,Vibration detected,Raj Aravind,No,Completed,713.0,2025-11-15,2025-11-16,Pass,Narsiman Reddy,OK after check,No,,,,,,,1.0,,2025-11-16,1.0
736,2025-01-13,Testing,TES-04,Pfauter,Preventive,Audit Finding,High,Waiting,Output defect reported,Akiran Suresh,Yes,Completed,714.0,2025-01-16,2025-01-17,Pass,Akhil Sharma,Confirmed defect,No,,,,,,,1.0,,2025-01-17,4.0
737,2026-04-07,Welding,WEL-01,Doraemon,Safety,Warranty Check,Medium,Waiting,Scheduled check,Kamala Devi,No,Completed,715.0,2026-04-10,2026-04-12,Pass,Sri Priya,Minor issue fixed,No,,,,,,,2.0,,2026-04-12,5.0
738,2025-09-22,Assembly,ASS-03,Doraemon,Quality,Audit Finding,Low,Idle,Output defect reported,Sri Varun,Yes,Completed,716.0,2025-09-25,2025-09-26,Pass,Narsiman Reddy,Needs follow-up,No,,,,,,,1.0,,2025-09-26,4.0
739,2025-10-31,Painting,PAI-03,Pfauter,Safety,Scheduled,High,Working,Scheduled check,Raj Aravind,Yes,Completed,717.0,2025-11-02,2025-11-03,Pass,Sri Priya,Needs follow-up,No,,,,,,,1.0,,2025-11-03,3.0
740,2026-06-29,Testing,TES-01,Nokia,Mechanical,Calibration,High,Idle,Vibration detected,Tugluq Raj,Yes,Completed,718.0,2026-07-02,2026-07-03,Pass,Dev Mehta,Minor issue fixed,No,,,,,,,1.0,,2026-07-03,4.0
741,2026-08-06,Testing,TES-05,Gleason,Safety,Breakdown,High,Idle,Safety guard issue,Kamala Devi,Yes,Completed,719.0,2026-08-06,2026-08-07,Pass,Akhil Sharma,Confirmed defect,No,,,,,,,1.0,,2026-08-07,1.0
742,2025-07-08,Painting,PAI-01,Doraemon,Mechanical,Warranty Check,Medium,Working,Unusual noise,Nanda Bala,No,Rejected,720.0,2025-07-10,2025-07-12,Fail,Vara Lakshmi,OK after check,No,,,,,,,2.0,,2025-07-12,4.0
743,2026-04-30,Welding,WEL-05,Gleason,Electrical,Complaint,Medium,Waiting,Unusual noise,Raj Aravind,No,Completed,721.0,2026-05-02,2026-05-03,Pass,Ravi Kumar,Confirmed defect,Yes,217.0,2026-05-06,2026-05-06,Pass,Akhil Sharma,Part replaced,1.0,0.0,2026-05-06,6.0
744,2025-11-22,Painting,PAI-05,Motorola,Safety,Scheduled,High,Idle,Safety guard issue,Sri Varun,No,Hold,722.0,2025-11-25,2025-11-27,Fail,Kadar Iyer,Needs follow-up,No,,,,,,,2.0,,2025-11-27,5.0
745,2026-05-03,Packaging,PAC-04,Gleason,Safety,Complaint,High,Working,Output defect reported,Tugluq Raj,Yes,Rejected,723.0,2026-05-06,2026-05-06,Fail,Muhammed Anand,Confirmed defect,No,,,,,,,0.0,,2026-05-06,3.0
746,2025-02-03,Welding,WEL-04,Motorola,Quality,Calibration,Low,Working,Unusual noise,Nanda Bala,No,Completed,724.0,2025-02-05,2025-02-06,Fail,Dev Mehta,Confirmed defect,Yes,218.0,2025-02-07,2025-02-07,Pass,Muhammed Anand,Escalated to vendor,1.0,0.0,2025-02-07,4.0
747,2026-03-18,Welding,WEL-05,Ninja,Safety,Calibration,High,Waiting,Output defect reported,Nanda Bala,Yes,Completed,725.0,2026-03-19,2026-03-20,Pass,Sri Priya,OK after check,No,,,,,,,1.0,,2026-03-20,2.0
748,2025-08-05,Painting,PAI-02,Gleason,Electrical,Warranty Check,Low,Idle,Output defect reported,Raj Aravind,No,Rejected,726.0,2025-08-06,2025-08-07,Fail,Akhil Sharma,Needs follow-up,No,,,,,,,1.0,,2025-08-07,2.0
749,2025-11-22,Welding,WEL-01,Dories,Electrical,Warranty Check,Low,Working,Output defect reported,Janani Meena,No,Completed,727.0,2025-11-25,2025-11-25,Pass,Muhammed Anand,Confirmed defect,No,,,,,,,0.0,,2025-11-25,3.0
750,2026-06-30,Welding,WEL-01,Doraemon,Electrical,Upgrade,Medium,Idle,Output defect reported,Raj Aravind,No,Completed,728.0,2026-07-03,2026-07-03,Pass,Vara Lakshmi,Minor issue fixed,No,,,,,,,0.0,,2026-07-03,3.0
751,2026-06-15,Welding,WEL-03,Dories,Safety,Breakdown,High,Working,Guard sensor failure,Sri Varun,Yes,Completed,729.0,2026-06-16,2026-06-17,Fail,Ravi Kumar,Confirmed defect,Yes,219.0,2026-06-19,2026-06-20,Pass,Sri Priya,Part replaced,1.0,1.0,2026-06-20,5.0
